article_id,title,entity_type,entity,evidence,source_url
b4d2a09363818472,中国农业农村信息网_水稻苗期四大病害防治措施要点,Crop,水稻,水稻苗期是植株扎根、长叶、构建生长基础的关键阶段，此时期幼苗抗逆性弱、生长环境敏感，易受立枯病、青枯病、恶苗病、苗瘟病四大病害侵袭，一旦防控不及时，将导致幼苗枯萎、死苗，严重影响后续移栽成活率与稻田整体产量。为科学、高效防控四大病害，需遵循“预防为主、综合防治”的植保原则，结合病害发生规律、致病特点及苗期生长需求，制定针对性防治措施，具体要点如下： 一、水稻,https://www.agri.cn/sc/scdt/202512/t20251205_8792088.htm
b4d2a09363818472,中国农业农村信息网_水稻苗期四大病害防治措施要点,Crop,大豆,水稻苗期是植株扎根、长叶、构建生长基础的关键阶段，此时期幼苗抗逆性弱、生长环境敏感，易受立枯病、青枯病、恶苗病、苗瘟病四大病害侵袭，一旦防控不及时，将导致幼苗枯萎、死苗，严重影响后续移栽成活率与稻田整体产量。为科学、高效防控四大病害，需遵循“预防为主、综合防治”的植保原则，结合病害发生规律、致病特点及苗期生长需求，制定针对性防治措施，具体要点如下： 一、水稻,https://www.agri.cn/sc/scdt/202512/t20251205_8792088.htm
b4d2a09363818472,中国农业农村信息网_水稻苗期四大病害防治措施要点,Crop,禾本科,水稻苗期是植株扎根、长叶、构建生长基础的关键阶段，此时期幼苗抗逆性弱、生长环境敏感，易受立枯病、青枯病、恶苗病、苗瘟病四大病害侵袭，一旦防控不及时，将导致幼苗枯萎、死苗，严重影响后续移栽成活率与稻田整体产量。为科学、高效防控四大病害，需遵循“预防为主、综合防治”的植保原则，结合病害发生规律、致病特点及苗期生长需求，制定针对性防治措施，具体要点如下： 一、水稻,https://www.agri.cn/sc/scdt/202512/t20251205_8792088.htm
b4d2a09363818472,中国农业农村信息网_水稻苗期四大病害防治措施要点,Crop,三环唑,水稻苗期是植株扎根、长叶、构建生长基础的关键阶段，此时期幼苗抗逆性弱、生长环境敏感，易受立枯病、青枯病、恶苗病、苗瘟病四大病害侵袭，一旦防控不及时，将导致幼苗枯萎、死苗，严重影响后续移栽成活率与稻田整体产量。为科学、高效防控四大病害，需遵循“预防为主、综合防治”的植保原则，结合病害发生规律、致病特点及苗期生长需求，制定针对性防治措施，具体要点如下： 一、水稻,https://www.agri.cn/sc/scdt/202512/t20251205_8792088.htm
b4d2a09363818472,中国农业农村信息网_水稻苗期四大病害防治措施要点,Crop,中国,水稻苗期是植株扎根、长叶、构建生长基础的关键阶段，此时期幼苗抗逆性弱、生长环境敏感，易受立枯病、青枯病、恶苗病、苗瘟病四大病害侵袭，一旦防控不及时，将导致幼苗枯萎、死苗，严重影响后续移栽成活率与稻田整体产量。为科学、高效防控四大病害，需遵循“预防为主、综合防治”的植保原则，结合病害发生规律、致病特点及苗期生长需求，制定针对性防治措施，具体要点如下： 一、水稻,https://www.agri.cn/sc/scdt/202512/t20251205_8792088.htm
b4d2a09363818472,中国农业农村信息网_水稻苗期四大病害防治措施要点,Crop,乳油,水稻苗期是植株扎根、长叶、构建生长基础的关键阶段，此时期幼苗抗逆性弱、生长环境敏感，易受立枯病、青枯病、恶苗病、苗瘟病四大病害侵袭，一旦防控不及时，将导致幼苗枯萎、死苗，严重影响后续移栽成活率与稻田整体产量。为科学、高效防控四大病害，需遵循“预防为主、综合防治”的植保原则，结合病害发生规律、致病特点及苗期生长需求，制定针对性防治措施，具体要点如下： 一、水稻,https://www.agri.cn/sc/scdt/202512/t20251205_8792088.htm
b4d2a09363818472,中国农业农村信息网_水稻苗期四大病害防治措施要点,Crop,产量,水稻苗期是植株扎根、长叶、构建生长基础的关键阶段，此时期幼苗抗逆性弱、生长环境敏感，易受立枯病、青枯病、恶苗病、苗瘟病四大病害侵袭，一旦防控不及时，将导致幼苗枯萎、死苗，严重影响后续移栽成活率与稻田整体产量。为科学、高效防控四大病害，需遵循“预防为主、综合防治”的植保原则，结合病害发生规律、致病特点及苗期生长需求，制定针对性防治措施，具体要点如下： 一、水稻,https://www.agri.cn/sc/scdt/202512/t20251205_8792088.htm
b4d2a09363818472,中国农业农村信息网_水稻苗期四大病害防治措施要点,Crop,传播,水稻苗期是植株扎根、长叶、构建生长基础的关键阶段，此时期幼苗抗逆性弱、生长环境敏感，易受立枯病、青枯病、恶苗病、苗瘟病四大病害侵袭，一旦防控不及时，将导致幼苗枯萎、死苗，严重影响后续移栽成活率与稻田整体产量。为科学、高效防控四大病害，需遵循“预防为主、综合防治”的植保原则，结合病害发生规律、致病特点及苗期生长需求，制定针对性防治措施，具体要点如下： 一、水稻,https://www.agri.cn/sc/scdt/202512/t20251205_8792088.htm
b4d2a09363818472,中国农业农村信息网_水稻苗期四大病害防治措施要点,Crop,作物,水稻苗期是植株扎根、长叶、构建生长基础的关键阶段，此时期幼苗抗逆性弱、生长环境敏感，易受立枯病、青枯病、恶苗病、苗瘟病四大病害侵袭，一旦防控不及时，将导致幼苗枯萎、死苗，严重影响后续移栽成活率与稻田整体产量。为科学、高效防控四大病害，需遵循“预防为主、综合防治”的植保原则，结合病害发生规律、致病特点及苗期生长需求，制定针对性防治措施，具体要点如下： 一、水稻,https://www.agri.cn/sc/scdt/202512/t20251205_8792088.htm
b4d2a09363818472,中国农业农村信息网_水稻苗期四大病害防治措施要点,Crop,侵袭,水稻苗期是植株扎根、长叶、构建生长基础的关键阶段，此时期幼苗抗逆性弱、生长环境敏感，易受立枯病、青枯病、恶苗病、苗瘟病四大病害侵袭，一旦防控不及时，将导致幼苗枯萎、死苗，严重影响后续移栽成活率与稻田整体产量。为科学、高效防控四大病害，需遵循“预防为主、综合防治”的植保原则，结合病害发生规律、致病特点及苗期生长需求，制定针对性防治措施，具体要点如下： 一、水稻,https://www.agri.cn/sc/scdt/202512/t20251205_8792088.htm
b4d2a09363818472,中国农业农村信息网_水稻苗期四大病害防治措施要点,Crop,维持,水稻苗期是植株扎根、长叶、构建生长基础的关键阶段，此时期幼苗抗逆性弱、生长环境敏感，易受立枯病、青枯病、恶苗病、苗瘟病四大病害侵袭，一旦防控不及时，将导致幼苗枯萎、死苗，严重影响后续移栽成活率与稻田整体产量。为科学、高效防控四大病害，需遵循“预防为主、综合防治”的植保原则，结合病害发生规律、致病特点及苗期生长需求，制定针对性防治措施，具体要点如下： 一、水稻,https://www.agri.cn/sc/scdt/202512/t20251205_8792088.htm
b4d2a09363818472,中国农业农村信息网_水稻苗期四大病害防治措施要点,Crop,保护,水稻苗期是植株扎根、长叶、构建生长基础的关键阶段，此时期幼苗抗逆性弱、生长环境敏感，易受立枯病、青枯病、恶苗病、苗瘟病四大病害侵袭，一旦防控不及时，将导致幼苗枯萎、死苗，严重影响后续移栽成活率与稻田整体产量。为科学、高效防控四大病害，需遵循“预防为主、综合防治”的植保原则，结合病害发生规律、致病特点及苗期生长需求，制定针对性防治措施，具体要点如下： 一、水稻,https://www.agri.cn/sc/scdt/202512/t20251205_8792088.htm
b4d2a09363818472,中国农业农村信息网_水稻苗期四大病害防治措施要点,Disease,水稻苗期四大病,水稻苗期是植株扎根、长叶、构建生长基础的关键阶段，此时期幼苗抗逆性弱、生长环境敏感，易受立枯病、青枯病、恶苗病、苗瘟病四大病害侵袭，一旦防控不及时，将导致幼苗枯萎、死苗，严重影响后续移栽成活率与稻田整体产量。为科学、高效防控四大病害，需遵循“预防为主、综合防治”的植保原则，结合病害发生规律、致病特点及苗期生长需求，制定针对性防治措施，具体要点如下： 一、水稻,https://www.agri.cn/sc/scdt/202512/t20251205_8792088.htm
b4d2a09363818472,中国农业农村信息网_水稻苗期四大病害防治措施要点,Disease,易受立枯病,水稻苗期是植株扎根、长叶、构建生长基础的关键阶段，此时期幼苗抗逆性弱、生长环境敏感，易受立枯病、青枯病、恶苗病、苗瘟病四大病害侵袭，一旦防控不及时，将导致幼苗枯萎、死苗，严重影响后续移栽成活率与稻田整体产量。为科学、高效防控四大病害，需遵循“预防为主、综合防治”的植保原则，结合病害发生规律、致病特点及苗期生长需求，制定针对性防治措施，具体要点如下： 一、水稻,https://www.agri.cn/sc/scdt/202512/t20251205_8792088.htm
b4d2a09363818472,中国农业农村信息网_水稻苗期四大病害防治措施要点,Disease,青枯病,水稻苗期是植株扎根、长叶、构建生长基础的关键阶段，此时期幼苗抗逆性弱、生长环境敏感，易受立枯病、青枯病、恶苗病、苗瘟病四大病害侵袭，一旦防控不及时，将导致幼苗枯萎、死苗，严重影响后续移栽成活率与稻田整体产量。为科学、高效防控四大病害，需遵循“预防为主、综合防治”的植保原则，结合病害发生规律、致病特点及苗期生长需求，制定针对性防治措施，具体要点如下： 一、水稻,https://www.agri.cn/sc/scdt/202512/t20251205_8792088.htm
b4d2a09363818472,中国农业农村信息网_水稻苗期四大病害防治措施要点,Disease,恶苗病,水稻苗期是植株扎根、长叶、构建生长基础的关键阶段，此时期幼苗抗逆性弱、生长环境敏感，易受立枯病、青枯病、恶苗病、苗瘟病四大病害侵袭，一旦防控不及时，将导致幼苗枯萎、死苗，严重影响后续移栽成活率与稻田整体产量。为科学、高效防控四大病害，需遵循“预防为主、综合防治”的植保原则，结合病害发生规律、致病特点及苗期生长需求，制定针对性防治措施，具体要点如下： 一、水稻,https://www.agri.cn/sc/scdt/202512/t20251205_8792088.htm
b4d2a09363818472,中国农业农村信息网_水稻苗期四大病害防治措施要点,Disease,苗瘟病四大病,水稻苗期是植株扎根、长叶、构建生长基础的关键阶段，此时期幼苗抗逆性弱、生长环境敏感，易受立枯病、青枯病、恶苗病、苗瘟病四大病害侵袭，一旦防控不及时，将导致幼苗枯萎、死苗，严重影响后续移栽成活率与稻田整体产量。为科学、高效防控四大病害，需遵循“预防为主、综合防治”的植保原则，结合病害发生规律、致病特点及苗期生长需求，制定针对性防治措施，具体要点如下： 一、水稻,https://www.agri.cn/sc/scdt/202512/t20251205_8792088.htm
b4d2a09363818472,中国农业农村信息网_水稻苗期四大病害防治措施要点,Disease,将导致幼苗枯,水稻苗期是植株扎根、长叶、构建生长基础的关键阶段，此时期幼苗抗逆性弱、生长环境敏感，易受立枯病、青枯病、恶苗病、苗瘟病四大病害侵袭，一旦防控不及时，将导致幼苗枯萎、死苗，严重影响后续移栽成活率与稻田整体产量。为科学、高效防控四大病害，需遵循“预防为主、综合防治”的植保原则，结合病害发生规律、致病特点及苗期生长需求，制定针对性防治措施，具体要点如下： 一、水稻,https://www.agri.cn/sc/scdt/202512/t20251205_8792088.htm
b4d2a09363818472,中国农业农村信息网_水稻苗期四大病害防治措施要点,Disease,高效防控四大病,水稻苗期是植株扎根、长叶、构建生长基础的关键阶段，此时期幼苗抗逆性弱、生长环境敏感，易受立枯病、青枯病、恶苗病、苗瘟病四大病害侵袭，一旦防控不及时，将导致幼苗枯萎、死苗，严重影响后续移栽成活率与稻田整体产量。为科学、高效防控四大病害，需遵循“预防为主、综合防治”的植保原则，结合病害发生规律、致病特点及苗期生长需求，制定针对性防治措施，具体要点如下： 一、水稻,https://www.agri.cn/sc/scdt/202512/t20251205_8792088.htm
b4d2a09363818472,中国农业农村信息网_水稻苗期四大病害防治措施要点,Disease,结合病,水稻苗期是植株扎根、长叶、构建生长基础的关键阶段，此时期幼苗抗逆性弱、生长环境敏感，易受立枯病、青枯病、恶苗病、苗瘟病四大病害侵袭，一旦防控不及时，将导致幼苗枯萎、死苗，严重影响后续移栽成活率与稻田整体产量。为科学、高效防控四大病害，需遵循“预防为主、综合防治”的植保原则，结合病害发生规律、致病特点及苗期生长需求，制定针对性防治措施，具体要点如下： 一、水稻,https://www.agri.cn/sc/scdt/202512/t20251205_8792088.htm
b4d2a09363818472,中国农业农村信息网_水稻苗期四大病害防治措施要点,Disease,致病,水稻苗期是植株扎根、长叶、构建生长基础的关键阶段，此时期幼苗抗逆性弱、生长环境敏感，易受立枯病、青枯病、恶苗病、苗瘟病四大病害侵袭，一旦防控不及时，将导致幼苗枯萎、死苗，严重影响后续移栽成活率与稻田整体产量。为科学、高效防控四大病害，需遵循“预防为主、综合防治”的植保原则，结合病害发生规律、致病特点及苗期生长需求，制定针对性防治措施，具体要点如下： 一、水稻,https://www.agri.cn/sc/scdt/202512/t20251205_8792088.htm
b4d2a09363818472,中国农业农村信息网_水稻苗期四大病害防治措施要点,Disease,水稻立枯病,水稻苗期是植株扎根、长叶、构建生长基础的关键阶段，此时期幼苗抗逆性弱、生长环境敏感，易受立枯病、青枯病、恶苗病、苗瘟病四大病害侵袭，一旦防控不及时，将导致幼苗枯萎、死苗，严重影响后续移栽成活率与稻田整体产量。为科学、高效防控四大病害，需遵循“预防为主、综合防治”的植保原则，结合病害发生规律、致病特点及苗期生长需求，制定针对性防治措施，具体要点如下： 一、水稻,https://www.agri.cn/sc/scdt/202512/t20251205_8792088.htm
b4d2a09363818472,中国农业农村信息网_水稻苗期四大病害防治措施要点,Disease,水稻立枯病由腐霉,水稻苗期是植株扎根、长叶、构建生长基础的关键阶段，此时期幼苗抗逆性弱、生长环境敏感，易受立枯病、青枯病、恶苗病、苗瘟病四大病害侵袭，一旦防控不及时，将导致幼苗枯萎、死苗，严重影响后续移栽成活率与稻田整体产量。为科学、高效防控四大病害，需遵循“预防为主、综合防治”的植保原则，结合病害发生规律、致病特点及苗期生长需求，制定针对性防治措施，具体要点如下： 一、水稻,https://www.agri.cn/sc/scdt/202512/t20251205_8792088.htm
b4d2a09363818472,中国农业农村信息网_水稻苗期四大病害防治措施要点,Disease,茎基腐,水稻苗期是植株扎根、长叶、构建生长基础的关键阶段，此时期幼苗抗逆性弱、生长环境敏感，易受立枯病、青枯病、恶苗病、苗瘟病四大病害侵袭，一旦防控不及时，将导致幼苗枯萎、死苗，严重影响后续移栽成活率与稻田整体产量。为科学、高效防控四大病害，需遵循“预防为主、综合防治”的植保原则，结合病害发生规律、致病特点及苗期生长需求，制定针对性防治措施，具体要点如下： 一、水稻,https://www.agri.cn/sc/scdt/202512/t20251205_8792088.htm
b4d2a09363818472,中国农业农村信息网_水稻苗期四大病害防治措施要点,Measure,防治,水稻苗期是植株扎根、长叶、构建生长基础的关键阶段，此时期幼苗抗逆性弱、生长环境敏感，易受立枯病、青枯病、恶苗病、苗瘟病四大病害侵袭，一旦防控不及时，将导致幼苗枯萎、死苗，严重影响后续移栽成活率与稻田整体产量。为科学、高效防控四大病害，需遵循“预防为主、综合防治”的植保原则，结合病害发生规律、致病特点及苗期生长需求，制定针对性防治措施，具体要点如下： 一、水稻,https://www.agri.cn/sc/scdt/202512/t20251205_8792088.htm
b4d2a09363818472,中国农业农村信息网_水稻苗期四大病害防治措施要点,Measure,喷施,水稻苗期是植株扎根、长叶、构建生长基础的关键阶段，此时期幼苗抗逆性弱、生长环境敏感，易受立枯病、青枯病、恶苗病、苗瘟病四大病害侵袭，一旦防控不及时，将导致幼苗枯萎、死苗，严重影响后续移栽成活率与稻田整体产量。为科学、高效防控四大病害，需遵循“预防为主、综合防治”的植保原则，结合病害发生规律、致病特点及苗期生长需求，制定针对性防治措施，具体要点如下： 一、水稻,https://www.agri.cn/sc/scdt/202512/t20251205_8792088.htm
b4d2a09363818472,中国农业农村信息网_水稻苗期四大病害防治措施要点,Measure,施肥,水稻苗期是植株扎根、长叶、构建生长基础的关键阶段，此时期幼苗抗逆性弱、生长环境敏感，易受立枯病、青枯病、恶苗病、苗瘟病四大病害侵袭，一旦防控不及时，将导致幼苗枯萎、死苗，严重影响后续移栽成活率与稻田整体产量。为科学、高效防控四大病害，需遵循“预防为主、综合防治”的植保原则，结合病害发生规律、致病特点及苗期生长需求，制定针对性防治措施，具体要点如下： 一、水稻,https://www.agri.cn/sc/scdt/202512/t20251205_8792088.htm
b4d2a09363818472,中国农业农村信息网_水稻苗期四大病害防治措施要点,Measure,排水,水稻苗期是植株扎根、长叶、构建生长基础的关键阶段，此时期幼苗抗逆性弱、生长环境敏感，易受立枯病、青枯病、恶苗病、苗瘟病四大病害侵袭，一旦防控不及时，将导致幼苗枯萎、死苗，严重影响后续移栽成活率与稻田整体产量。为科学、高效防控四大病害，需遵循“预防为主、综合防治”的植保原则，结合病害发生规律、致病特点及苗期生长需求，制定针对性防治措施，具体要点如下： 一、水稻,https://www.agri.cn/sc/scdt/202512/t20251205_8792088.htm
04e58412a5fc8fef,中国农业农村信息网_2025年水稻“一喷多促”技术意见,Crop,水稻,“立秋”刚过 ，东北和西南地区一季中稻处于孕穗抽穗至灌浆结实期，长江中下游一季中稻处于拔节孕穗期，是产量形成关键期 ，也是实施“一喷多促”的窗口期 。各地要抓住关键时期、关键节点，组织开展“一喷多促”，应对中后期的高温、干旱、病虫害等威胁 ，促进水稻灌浆成熟 。 （一）因地制宜，分类施策。 东北地区 重点关注渍涝、倒伏、低温冷害、早霜等 自然 灾害威胁，以及,https://www.agri.cn/sc/nszd/202508/t20250809_8758891.htm
04e58412a5fc8fef,中国农业农村信息网_2025年水稻“一喷多促”技术意见,Crop,三化螟,“立秋”刚过 ，东北和西南地区一季中稻处于孕穗抽穗至灌浆结实期，长江中下游一季中稻处于拔节孕穗期，是产量形成关键期 ，也是实施“一喷多促”的窗口期 。各地要抓住关键时期、关键节点，组织开展“一喷多促”，应对中后期的高温、干旱、病虫害等威胁 ，促进水稻灌浆成熟 。 （一）因地制宜，分类施策。 东北地区 重点关注渍涝、倒伏、低温冷害、早霜等 自然 灾害威胁，以及,https://www.agri.cn/sc/nszd/202508/t20250809_8758891.htm
04e58412a5fc8fef,中国农业农村信息网_2025年水稻“一喷多促”技术意见,Crop,中国,“立秋”刚过 ，东北和西南地区一季中稻处于孕穗抽穗至灌浆结实期，长江中下游一季中稻处于拔节孕穗期，是产量形成关键期 ，也是实施“一喷多促”的窗口期 。各地要抓住关键时期、关键节点，组织开展“一喷多促”，应对中后期的高温、干旱、病虫害等威胁 ，促进水稻灌浆成熟 。 （一）因地制宜，分类施策。 东北地区 重点关注渍涝、倒伏、低温冷害、早霜等 自然 灾害威胁，以及,https://www.agri.cn/sc/nszd/202508/t20250809_8758891.htm
04e58412a5fc8fef,中国农业农村信息网_2025年水稻“一喷多促”技术意见,Crop,二化螟,“立秋”刚过 ，东北和西南地区一季中稻处于孕穗抽穗至灌浆结实期，长江中下游一季中稻处于拔节孕穗期，是产量形成关键期 ，也是实施“一喷多促”的窗口期 。各地要抓住关键时期、关键节点，组织开展“一喷多促”，应对中后期的高温、干旱、病虫害等威胁 ，促进水稻灌浆成熟 。 （一）因地制宜，分类施策。 东北地区 重点关注渍涝、倒伏、低温冷害、早霜等 自然 灾害威胁，以及,https://www.agri.cn/sc/nszd/202508/t20250809_8758891.htm
04e58412a5fc8fef,中国农业农村信息网_2025年水稻“一喷多促”技术意见,Crop,产量,“立秋”刚过 ，东北和西南地区一季中稻处于孕穗抽穗至灌浆结实期，长江中下游一季中稻处于拔节孕穗期，是产量形成关键期 ，也是实施“一喷多促”的窗口期 。各地要抓住关键时期、关键节点，组织开展“一喷多促”，应对中后期的高温、干旱、病虫害等威胁 ，促进水稻灌浆成熟 。 （一）因地制宜，分类施策。 东北地区 重点关注渍涝、倒伏、低温冷害、早霜等 自然 灾害威胁，以及,https://www.agri.cn/sc/nszd/202508/t20250809_8758891.htm
04e58412a5fc8fef,中国农业农村信息网_2025年水稻“一喷多促”技术意见,Crop,作物,“立秋”刚过 ，东北和西南地区一季中稻处于孕穗抽穗至灌浆结实期，长江中下游一季中稻处于拔节孕穗期，是产量形成关键期 ，也是实施“一喷多促”的窗口期 。各地要抓住关键时期、关键节点，组织开展“一喷多促”，应对中后期的高温、干旱、病虫害等威胁 ，促进水稻灌浆成熟 。 （一）因地制宜，分类施策。 东北地区 重点关注渍涝、倒伏、低温冷害、早霜等 自然 灾害威胁，以及,https://www.agri.cn/sc/nszd/202508/t20250809_8758891.htm
04e58412a5fc8fef,中国农业农村信息网_2025年水稻“一喷多促”技术意见,Crop,信息,“立秋”刚过 ，东北和西南地区一季中稻处于孕穗抽穗至灌浆结实期，长江中下游一季中稻处于拔节孕穗期，是产量形成关键期 ，也是实施“一喷多促”的窗口期 。各地要抓住关键时期、关键节点，组织开展“一喷多促”，应对中后期的高温、干旱、病虫害等威胁 ，促进水稻灌浆成熟 。 （一）因地制宜，分类施策。 东北地区 重点关注渍涝、倒伏、低温冷害、早霜等 自然 灾害威胁，以及,https://www.agri.cn/sc/nszd/202508/t20250809_8758891.htm
04e58412a5fc8fef,中国农业农村信息网_2025年水稻“一喷多促”技术意见,Crop,倒伏,“立秋”刚过 ，东北和西南地区一季中稻处于孕穗抽穗至灌浆结实期，长江中下游一季中稻处于拔节孕穗期，是产量形成关键期 ，也是实施“一喷多促”的窗口期 。各地要抓住关键时期、关键节点，组织开展“一喷多促”，应对中后期的高温、干旱、病虫害等威胁 ，促进水稻灌浆成熟 。 （一）因地制宜，分类施策。 东北地区 重点关注渍涝、倒伏、低温冷害、早霜等 自然 灾害威胁，以及,https://www.agri.cn/sc/nszd/202508/t20250809_8758891.htm
04e58412a5fc8fef,中国农业农村信息网_2025年水稻“一喷多促”技术意见,Crop,元素,“立秋”刚过 ，东北和西南地区一季中稻处于孕穗抽穗至灌浆结实期，长江中下游一季中稻处于拔节孕穗期，是产量形成关键期 ，也是实施“一喷多促”的窗口期 。各地要抓住关键时期、关键节点，组织开展“一喷多促”，应对中后期的高温、干旱、病虫害等威胁 ，促进水稻灌浆成熟 。 （一）因地制宜，分类施策。 东北地区 重点关注渍涝、倒伏、低温冷害、早霜等 自然 灾害威胁，以及,https://www.agri.cn/sc/nszd/202508/t20250809_8758891.htm
04e58412a5fc8fef,中国农业农村信息网_2025年水稻“一喷多促”技术意见,Disease,以及稻瘟病,“立秋”刚过 ，东北和西南地区一季中稻处于孕穗抽穗至灌浆结实期，长江中下游一季中稻处于拔节孕穗期，是产量形成关键期 ，也是实施“一喷多促”的窗口期 。各地要抓住关键时期、关键节点，组织开展“一喷多促”，应对中后期的高温、干旱、病虫害等威胁 ，促进水稻灌浆成熟 。 （一）因地制宜，分类施策。 东北地区 重点关注渍涝、倒伏、低温冷害、早霜等 自然 灾害威胁，以及,https://www.agri.cn/sc/nszd/202508/t20250809_8758891.htm
04e58412a5fc8fef,中国农业农村信息网_2025年水稻“一喷多促”技术意见,Disease,纹枯病,“立秋”刚过 ，东北和西南地区一季中稻处于孕穗抽穗至灌浆结实期，长江中下游一季中稻处于拔节孕穗期，是产量形成关键期 ，也是实施“一喷多促”的窗口期 。各地要抓住关键时期、关键节点，组织开展“一喷多促”，应对中后期的高温、干旱、病虫害等威胁 ，促进水稻灌浆成熟 。 （一）因地制宜，分类施策。 东北地区 重点关注渍涝、倒伏、低温冷害、早霜等 自然 灾害威胁，以及,https://www.agri.cn/sc/nszd/202508/t20250809_8758891.htm
04e58412a5fc8fef,中国农业农村信息网_2025年水稻“一喷多促”技术意见,Disease,稻曲病,“立秋”刚过 ，东北和西南地区一季中稻处于孕穗抽穗至灌浆结实期，长江中下游一季中稻处于拔节孕穗期，是产量形成关键期 ，也是实施“一喷多促”的窗口期 。各地要抓住关键时期、关键节点，组织开展“一喷多促”，应对中后期的高温、干旱、病虫害等威胁 ，促进水稻灌浆成熟 。 （一）因地制宜，分类施策。 东北地区 重点关注渍涝、倒伏、低温冷害、早霜等 自然 灾害威胁，以及,https://www.agri.cn/sc/nszd/202508/t20250809_8758891.htm
04e58412a5fc8fef,中国农业农村信息网_2025年水稻“一喷多促”技术意见,Disease,二化螟等病,“立秋”刚过 ，东北和西南地区一季中稻处于孕穗抽穗至灌浆结实期，长江中下游一季中稻处于拔节孕穗期，是产量形成关键期 ，也是实施“一喷多促”的窗口期 。各地要抓住关键时期、关键节点，组织开展“一喷多促”，应对中后期的高温、干旱、病虫害等威胁 ，促进水稻灌浆成熟 。 （一）因地制宜，分类施策。 东北地区 重点关注渍涝、倒伏、低温冷害、早霜等 自然 灾害威胁，以及,https://www.agri.cn/sc/nszd/202508/t20250809_8758891.htm
04e58412a5fc8fef,中国农业农村信息网_2025年水稻“一喷多促”技术意见,Disease,以及纹枯病,“立秋”刚过 ，东北和西南地区一季中稻处于孕穗抽穗至灌浆结实期，长江中下游一季中稻处于拔节孕穗期，是产量形成关键期 ，也是实施“一喷多促”的窗口期 。各地要抓住关键时期、关键节点，组织开展“一喷多促”，应对中后期的高温、干旱、病虫害等威胁 ，促进水稻灌浆成熟 。 （一）因地制宜，分类施策。 东北地区 重点关注渍涝、倒伏、低温冷害、早霜等 自然 灾害威胁，以及,https://www.agri.cn/sc/nszd/202508/t20250809_8758891.htm
04e58412a5fc8fef,中国农业农村信息网_2025年水稻“一喷多促”技术意见,Disease,稻瘟病,“立秋”刚过 ，东北和西南地区一季中稻处于孕穗抽穗至灌浆结实期，长江中下游一季中稻处于拔节孕穗期，是产量形成关键期 ，也是实施“一喷多促”的窗口期 。各地要抓住关键时期、关键节点，组织开展“一喷多促”，应对中后期的高温、干旱、病虫害等威胁 ，促进水稻灌浆成熟 。 （一）因地制宜，分类施策。 东北地区 重点关注渍涝、倒伏、低温冷害、早霜等 自然 灾害威胁，以及,https://www.agri.cn/sc/nszd/202508/t20250809_8758891.htm
04e58412a5fc8fef,中国农业农村信息网_2025年水稻“一喷多促”技术意见,Disease,稻飞虱等病,“立秋”刚过 ，东北和西南地区一季中稻处于孕穗抽穗至灌浆结实期，长江中下游一季中稻处于拔节孕穗期，是产量形成关键期 ，也是实施“一喷多促”的窗口期 。各地要抓住关键时期、关键节点，组织开展“一喷多促”，应对中后期的高温、干旱、病虫害等威胁 ，促进水稻灌浆成熟 。 （一）因地制宜，分类施策。 东北地区 重点关注渍涝、倒伏、低温冷害、早霜等 自然 灾害威胁，以及,https://www.agri.cn/sc/nszd/202508/t20250809_8758891.htm
04e58412a5fc8fef,中国农业农村信息网_2025年水稻“一喷多促”技术意见,Disease,白叶枯病,“立秋”刚过 ，东北和西南地区一季中稻处于孕穗抽穗至灌浆结实期，长江中下游一季中稻处于拔节孕穗期，是产量形成关键期 ，也是实施“一喷多促”的窗口期 。各地要抓住关键时期、关键节点，组织开展“一喷多促”，应对中后期的高温、干旱、病虫害等威胁 ，促进水稻灌浆成熟 。 （一）因地制宜，分类施策。 东北地区 重点关注渍涝、倒伏、低温冷害、早霜等 自然 灾害威胁，以及,https://www.agri.cn/sc/nszd/202508/t20250809_8758891.htm
04e58412a5fc8fef,中国农业农村信息网_2025年水稻“一喷多促”技术意见,Pest,病虫,“立秋”刚过 ，东北和西南地区一季中稻处于孕穗抽穗至灌浆结实期，长江中下游一季中稻处于拔节孕穗期，是产量形成关键期 ，也是实施“一喷多促”的窗口期 。各地要抓住关键时期、关键节点，组织开展“一喷多促”，应对中后期的高温、干旱、病虫害等威胁 ，促进水稻灌浆成熟 。 （一）因地制宜，分类施策。 东北地区 重点关注渍涝、倒伏、低温冷害、早霜等 自然 灾害威胁，以及,https://www.agri.cn/sc/nszd/202508/t20250809_8758891.htm
04e58412a5fc8fef,中国农业农村信息网_2025年水稻“一喷多促”技术意见,Pest,二化螟等病虫,“立秋”刚过 ，东北和西南地区一季中稻处于孕穗抽穗至灌浆结实期，长江中下游一季中稻处于拔节孕穗期，是产量形成关键期 ，也是实施“一喷多促”的窗口期 。各地要抓住关键时期、关键节点，组织开展“一喷多促”，应对中后期的高温、干旱、病虫害等威胁 ，促进水稻灌浆成熟 。 （一）因地制宜，分类施策。 东北地区 重点关注渍涝、倒伏、低温冷害、早霜等 自然 灾害威胁，以及,https://www.agri.cn/sc/nszd/202508/t20250809_8758891.htm
04e58412a5fc8fef,中国农业农村信息网_2025年水稻“一喷多促”技术意见,Pest,二化螟,“立秋”刚过 ，东北和西南地区一季中稻处于孕穗抽穗至灌浆结实期，长江中下游一季中稻处于拔节孕穗期，是产量形成关键期 ，也是实施“一喷多促”的窗口期 。各地要抓住关键时期、关键节点，组织开展“一喷多促”，应对中后期的高温、干旱、病虫害等威胁 ，促进水稻灌浆成熟 。 （一）因地制宜，分类施策。 东北地区 重点关注渍涝、倒伏、低温冷害、早霜等 自然 灾害威胁，以及,https://www.agri.cn/sc/nszd/202508/t20250809_8758891.htm
04e58412a5fc8fef,中国农业农村信息网_2025年水稻“一喷多促”技术意见,Pest,稻纵卷叶螟,“立秋”刚过 ，东北和西南地区一季中稻处于孕穗抽穗至灌浆结实期，长江中下游一季中稻处于拔节孕穗期，是产量形成关键期 ，也是实施“一喷多促”的窗口期 。各地要抓住关键时期、关键节点，组织开展“一喷多促”，应对中后期的高温、干旱、病虫害等威胁 ，促进水稻灌浆成熟 。 （一）因地制宜，分类施策。 东北地区 重点关注渍涝、倒伏、低温冷害、早霜等 自然 灾害威胁，以及,https://www.agri.cn/sc/nszd/202508/t20250809_8758891.htm
04e58412a5fc8fef,中国农业农村信息网_2025年水稻“一喷多促”技术意见,Pest,稻飞虱等病虫,“立秋”刚过 ，东北和西南地区一季中稻处于孕穗抽穗至灌浆结实期，长江中下游一季中稻处于拔节孕穗期，是产量形成关键期 ，也是实施“一喷多促”的窗口期 。各地要抓住关键时期、关键节点，组织开展“一喷多促”，应对中后期的高温、干旱、病虫害等威胁 ，促进水稻灌浆成熟 。 （一）因地制宜，分类施策。 东北地区 重点关注渍涝、倒伏、低温冷害、早霜等 自然 灾害威胁，以及,https://www.agri.cn/sc/nszd/202508/t20250809_8758891.htm
04e58412a5fc8fef,中国农业农村信息网_2025年水稻“一喷多促”技术意见,Pest,三化螟,“立秋”刚过 ，东北和西南地区一季中稻处于孕穗抽穗至灌浆结实期，长江中下游一季中稻处于拔节孕穗期，是产量形成关键期 ，也是实施“一喷多促”的窗口期 。各地要抓住关键时期、关键节点，组织开展“一喷多促”，应对中后期的高温、干旱、病虫害等威胁 ，促进水稻灌浆成熟 。 （一）因地制宜，分类施策。 东北地区 重点关注渍涝、倒伏、低温冷害、早霜等 自然 灾害威胁，以及,https://www.agri.cn/sc/nszd/202508/t20250809_8758891.htm
04e58412a5fc8fef,中国农业农村信息网_2025年水稻“一喷多促”技术意见,Pest,杀虫,“立秋”刚过 ，东北和西南地区一季中稻处于孕穗抽穗至灌浆结实期，长江中下游一季中稻处于拔节孕穗期，是产量形成关键期 ，也是实施“一喷多促”的窗口期 。各地要抓住关键时期、关键节点，组织开展“一喷多促”，应对中后期的高温、干旱、病虫害等威胁 ，促进水稻灌浆成熟 。 （一）因地制宜，分类施策。 东北地区 重点关注渍涝、倒伏、低温冷害、早霜等 自然 灾害威胁，以及,https://www.agri.cn/sc/nszd/202508/t20250809_8758891.htm
04e58412a5fc8fef,中国农业农村信息网_2025年水稻“一喷多促”技术意见,Measure,喷施,“立秋”刚过 ，东北和西南地区一季中稻处于孕穗抽穗至灌浆结实期，长江中下游一季中稻处于拔节孕穗期，是产量形成关键期 ，也是实施“一喷多促”的窗口期 。各地要抓住关键时期、关键节点，组织开展“一喷多促”，应对中后期的高温、干旱、病虫害等威胁 ，促进水稻灌浆成熟 。 （一）因地制宜，分类施策。 东北地区 重点关注渍涝、倒伏、低温冷害、早霜等 自然 灾害威胁，以及,https://www.agri.cn/sc/nszd/202508/t20250809_8758891.htm
04e58412a5fc8fef,中国农业农村信息网_2025年水稻“一喷多促”技术意见,Measure,排水,“立秋”刚过 ，东北和西南地区一季中稻处于孕穗抽穗至灌浆结实期，长江中下游一季中稻处于拔节孕穗期，是产量形成关键期 ，也是实施“一喷多促”的窗口期 。各地要抓住关键时期、关键节点，组织开展“一喷多促”，应对中后期的高温、干旱、病虫害等威胁 ，促进水稻灌浆成熟 。 （一）因地制宜，分类施策。 东北地区 重点关注渍涝、倒伏、低温冷害、早霜等 自然 灾害威胁，以及,https://www.agri.cn/sc/nszd/202508/t20250809_8758891.htm
5e01b5d97f3a1a21,中国农业农村信息网_全国农技中心印发2025年粮食作物田杂草科学防控技术方案,Crop,水稻,近年来，轻简化栽培技术广泛应用导致杂草群落结构逐渐复杂，联合收割机跨区作业常态化加速杂草种源的扩散和传播，除草剂品种单一化使用造成稗草、马唐、反枝苋等杂草抗药性问题日益突出，我国粮食作物杂草防控面临挑战， 严重威胁作物生产安全。为有效防控 水稻、玉米、马铃薯 田杂草危害，推动大面积单产提升，特制定本方案。 一、防控目标 坚持 “预防为主 综合防治”的植保方针,https://www.agri.cn/zx/zxfb/202503/t20250320_8720160.htm
5e01b5d97f3a1a21,中国农业农村信息网_全国农技中心印发2025年粮食作物田杂草科学防控技术方案,Crop,小麦,近年来，轻简化栽培技术广泛应用导致杂草群落结构逐渐复杂，联合收割机跨区作业常态化加速杂草种源的扩散和传播，除草剂品种单一化使用造成稗草、马唐、反枝苋等杂草抗药性问题日益突出，我国粮食作物杂草防控面临挑战， 严重威胁作物生产安全。为有效防控 水稻、玉米、马铃薯 田杂草危害，推动大面积单产提升，特制定本方案。 一、防控目标 坚持 “预防为主 综合防治”的植保方针,https://www.agri.cn/zx/zxfb/202503/t20250320_8720160.htm
5e01b5d97f3a1a21,中国农业农村信息网_全国农技中心印发2025年粮食作物田杂草科学防控技术方案,Crop,玉米,近年来，轻简化栽培技术广泛应用导致杂草群落结构逐渐复杂，联合收割机跨区作业常态化加速杂草种源的扩散和传播，除草剂品种单一化使用造成稗草、马唐、反枝苋等杂草抗药性问题日益突出，我国粮食作物杂草防控面临挑战， 严重威胁作物生产安全。为有效防控 水稻、玉米、马铃薯 田杂草危害，推动大面积单产提升，特制定本方案。 一、防控目标 坚持 “预防为主 综合防治”的植保方针,https://www.agri.cn/zx/zxfb/202503/t20250320_8720160.htm
5e01b5d97f3a1a21,中国农业农村信息网_全国农技中心印发2025年粮食作物田杂草科学防控技术方案,Crop,大豆,近年来，轻简化栽培技术广泛应用导致杂草群落结构逐渐复杂，联合收割机跨区作业常态化加速杂草种源的扩散和传播，除草剂品种单一化使用造成稗草、马唐、反枝苋等杂草抗药性问题日益突出，我国粮食作物杂草防控面临挑战， 严重威胁作物生产安全。为有效防控 水稻、玉米、马铃薯 田杂草危害，推动大面积单产提升，特制定本方案。 一、防控目标 坚持 “预防为主 综合防治”的植保方针,https://www.agri.cn/zx/zxfb/202503/t20250320_8720160.htm
5e01b5d97f3a1a21,中国农业农村信息网_全国农技中心印发2025年粮食作物田杂草科学防控技术方案,Crop,马铃薯,近年来，轻简化栽培技术广泛应用导致杂草群落结构逐渐复杂，联合收割机跨区作业常态化加速杂草种源的扩散和传播，除草剂品种单一化使用造成稗草、马唐、反枝苋等杂草抗药性问题日益突出，我国粮食作物杂草防控面临挑战， 严重威胁作物生产安全。为有效防控 水稻、玉米、马铃薯 田杂草危害，推动大面积单产提升，特制定本方案。 一、防控目标 坚持 “预防为主 综合防治”的植保方针,https://www.agri.cn/zx/zxfb/202503/t20250320_8720160.htm
5e01b5d97f3a1a21,中国农业农村信息网_全国农技中心印发2025年粮食作物田杂草科学防控技术方案,Crop,油菜,近年来，轻简化栽培技术广泛应用导致杂草群落结构逐渐复杂，联合收割机跨区作业常态化加速杂草种源的扩散和传播，除草剂品种单一化使用造成稗草、马唐、反枝苋等杂草抗药性问题日益突出，我国粮食作物杂草防控面临挑战， 严重威胁作物生产安全。为有效防控 水稻、玉米、马铃薯 田杂草危害，推动大面积单产提升，特制定本方案。 一、防控目标 坚持 “预防为主 综合防治”的植保方针,https://www.agri.cn/zx/zxfb/202503/t20250320_8720160.htm
5e01b5d97f3a1a21,中国农业农村信息网_全国农技中心印发2025年粮食作物田杂草科学防控技术方案,Crop,禾本科,近年来，轻简化栽培技术广泛应用导致杂草群落结构逐渐复杂，联合收割机跨区作业常态化加速杂草种源的扩散和传播，除草剂品种单一化使用造成稗草、马唐、反枝苋等杂草抗药性问题日益突出，我国粮食作物杂草防控面临挑战， 严重威胁作物生产安全。为有效防控 水稻、玉米、马铃薯 田杂草危害，推动大面积单产提升，特制定本方案。 一、防控目标 坚持 “预防为主 综合防治”的植保方针,https://www.agri.cn/zx/zxfb/202503/t20250320_8720160.htm
5e01b5d97f3a1a21,中国农业农村信息网_全国农技中心印发2025年粮食作物田杂草科学防控技术方案,Crop,丁香,近年来，轻简化栽培技术广泛应用导致杂草群落结构逐渐复杂，联合收割机跨区作业常态化加速杂草种源的扩散和传播，除草剂品种单一化使用造成稗草、马唐、反枝苋等杂草抗药性问题日益突出，我国粮食作物杂草防控面临挑战， 严重威胁作物生产安全。为有效防控 水稻、玉米、马铃薯 田杂草危害，推动大面积单产提升，特制定本方案。 一、防控目标 坚持 “预防为主 综合防治”的植保方针,https://www.agri.cn/zx/zxfb/202503/t20250320_8720160.htm
5e01b5d97f3a1a21,中国农业农村信息网_全国农技中心印发2025年粮食作物田杂草科学防控技术方案,Crop,中国,近年来，轻简化栽培技术广泛应用导致杂草群落结构逐渐复杂，联合收割机跨区作业常态化加速杂草种源的扩散和传播，除草剂品种单一化使用造成稗草、马唐、反枝苋等杂草抗药性问题日益突出，我国粮食作物杂草防控面临挑战， 严重威胁作物生产安全。为有效防控 水稻、玉米、马铃薯 田杂草危害，推动大面积单产提升，特制定本方案。 一、防控目标 坚持 “预防为主 综合防治”的植保方针,https://www.agri.cn/zx/zxfb/202503/t20250320_8720160.htm
5e01b5d97f3a1a21,中国农业农村信息网_全国农技中心印发2025年粮食作物田杂草科学防控技术方案,Crop,中心,近年来，轻简化栽培技术广泛应用导致杂草群落结构逐渐复杂，联合收割机跨区作业常态化加速杂草种源的扩散和传播，除草剂品种单一化使用造成稗草、马唐、反枝苋等杂草抗药性问题日益突出，我国粮食作物杂草防控面临挑战， 严重威胁作物生产安全。为有效防控 水稻、玉米、马铃薯 田杂草危害，推动大面积单产提升，特制定本方案。 一、防控目标 坚持 “预防为主 综合防治”的植保方针,https://www.agri.cn/zx/zxfb/202503/t20250320_8720160.htm
5e01b5d97f3a1a21,中国农业农村信息网_全国农技中心印发2025年粮食作物田杂草科学防控技术方案,Crop,乙氧氟草醚,近年来，轻简化栽培技术广泛应用导致杂草群落结构逐渐复杂，联合收割机跨区作业常态化加速杂草种源的扩散和传播，除草剂品种单一化使用造成稗草、马唐、反枝苋等杂草抗药性问题日益突出，我国粮食作物杂草防控面临挑战， 严重威胁作物生产安全。为有效防控 水稻、玉米、马铃薯 田杂草危害，推动大面积单产提升，特制定本方案。 一、防控目标 坚持 “预防为主 综合防治”的植保方针,https://www.agri.cn/zx/zxfb/202503/t20250320_8720160.htm
5e01b5d97f3a1a21,中国农业农村信息网_全国农技中心印发2025年粮食作物田杂草科学防控技术方案,Crop,乙草胺,近年来，轻简化栽培技术广泛应用导致杂草群落结构逐渐复杂，联合收割机跨区作业常态化加速杂草种源的扩散和传播，除草剂品种单一化使用造成稗草、马唐、反枝苋等杂草抗药性问题日益突出，我国粮食作物杂草防控面临挑战， 严重威胁作物生产安全。为有效防控 水稻、玉米、马铃薯 田杂草危害，推动大面积单产提升，特制定本方案。 一、防控目标 坚持 “预防为主 综合防治”的植保方针,https://www.agri.cn/zx/zxfb/202503/t20250320_8720160.htm
5e01b5d97f3a1a21,中国农业农村信息网_全国农技中心印发2025年粮食作物田杂草科学防控技术方案,Disease,黄腐,近年来，轻简化栽培技术广泛应用导致杂草群落结构逐渐复杂，联合收割机跨区作业常态化加速杂草种源的扩散和传播，除草剂品种单一化使用造成稗草、马唐、反枝苋等杂草抗药性问题日益突出，我国粮食作物杂草防控面临挑战， 严重威胁作物生产安全。为有效防控 水稻、玉米、马铃薯 田杂草危害，推动大面积单产提升，特制定本方案。 一、防控目标 坚持 “预防为主 综合防治”的植保方针,https://www.agri.cn/zx/zxfb/202503/t20250320_8720160.htm
5e01b5d97f3a1a21,中国农业农村信息网_全国农技中心印发2025年粮食作物田杂草科学防控技术方案,Disease,施用黄腐,近年来，轻简化栽培技术广泛应用导致杂草群落结构逐渐复杂，联合收割机跨区作业常态化加速杂草种源的扩散和传播，除草剂品种单一化使用造成稗草、马唐、反枝苋等杂草抗药性问题日益突出，我国粮食作物杂草防控面临挑战， 严重威胁作物生产安全。为有效防控 水稻、玉米、马铃薯 田杂草危害，推动大面积单产提升，特制定本方案。 一、防控目标 坚持 “预防为主 综合防治”的植保方针,https://www.agri.cn/zx/zxfb/202503/t20250320_8720160.htm
5e01b5d97f3a1a21,中国农业农村信息网_全国农技中心印发2025年粮食作物田杂草科学防控技术方案,Disease,厘米并施用黄腐,近年来，轻简化栽培技术广泛应用导致杂草群落结构逐渐复杂，联合收割机跨区作业常态化加速杂草种源的扩散和传播，除草剂品种单一化使用造成稗草、马唐、反枝苋等杂草抗药性问题日益突出，我国粮食作物杂草防控面临挑战， 严重威胁作物生产安全。为有效防控 水稻、玉米、马铃薯 田杂草危害，推动大面积单产提升，特制定本方案。 一、防控目标 坚持 “预防为主 综合防治”的植保方针,https://www.agri.cn/zx/zxfb/202503/t20250320_8720160.htm
5e01b5d97f3a1a21,中国农业农村信息网_全国农技中心印发2025年粮食作物田杂草科学防控技术方案,Measure,防治,近年来，轻简化栽培技术广泛应用导致杂草群落结构逐渐复杂，联合收割机跨区作业常态化加速杂草种源的扩散和传播，除草剂品种单一化使用造成稗草、马唐、反枝苋等杂草抗药性问题日益突出，我国粮食作物杂草防控面临挑战， 严重威胁作物生产安全。为有效防控 水稻、玉米、马铃薯 田杂草危害，推动大面积单产提升，特制定本方案。 一、防控目标 坚持 “预防为主 综合防治”的植保方针,https://www.agri.cn/zx/zxfb/202503/t20250320_8720160.htm
5e01b5d97f3a1a21,中国农业农村信息网_全国农技中心印发2025年粮食作物田杂草科学防控技术方案,Measure,喷施,近年来，轻简化栽培技术广泛应用导致杂草群落结构逐渐复杂，联合收割机跨区作业常态化加速杂草种源的扩散和传播，除草剂品种单一化使用造成稗草、马唐、反枝苋等杂草抗药性问题日益突出，我国粮食作物杂草防控面临挑战， 严重威胁作物生产安全。为有效防控 水稻、玉米、马铃薯 田杂草危害，推动大面积单产提升，特制定本方案。 一、防控目标 坚持 “预防为主 综合防治”的植保方针,https://www.agri.cn/zx/zxfb/202503/t20250320_8720160.htm
5e01b5d97f3a1a21,中国农业农村信息网_全国农技中心印发2025年粮食作物田杂草科学防控技术方案,Measure,施肥,近年来，轻简化栽培技术广泛应用导致杂草群落结构逐渐复杂，联合收割机跨区作业常态化加速杂草种源的扩散和传播，除草剂品种单一化使用造成稗草、马唐、反枝苋等杂草抗药性问题日益突出，我国粮食作物杂草防控面临挑战， 严重威胁作物生产安全。为有效防控 水稻、玉米、马铃薯 田杂草危害，推动大面积单产提升，特制定本方案。 一、防控目标 坚持 “预防为主 综合防治”的植保方针,https://www.agri.cn/zx/zxfb/202503/t20250320_8720160.htm
5e01b5d97f3a1a21,中国农业农村信息网_全国农技中心印发2025年粮食作物田杂草科学防控技术方案,Measure,灌溉,近年来，轻简化栽培技术广泛应用导致杂草群落结构逐渐复杂，联合收割机跨区作业常态化加速杂草种源的扩散和传播，除草剂品种单一化使用造成稗草、马唐、反枝苋等杂草抗药性问题日益突出，我国粮食作物杂草防控面临挑战， 严重威胁作物生产安全。为有效防控 水稻、玉米、马铃薯 田杂草危害，推动大面积单产提升，特制定本方案。 一、防控目标 坚持 “预防为主 综合防治”的植保方针,https://www.agri.cn/zx/zxfb/202503/t20250320_8720160.htm
5e01b5d97f3a1a21,中国农业农村信息网_全国农技中心印发2025年粮食作物田杂草科学防控技术方案,Measure,轮作,近年来，轻简化栽培技术广泛应用导致杂草群落结构逐渐复杂，联合收割机跨区作业常态化加速杂草种源的扩散和传播，除草剂品种单一化使用造成稗草、马唐、反枝苋等杂草抗药性问题日益突出，我国粮食作物杂草防控面临挑战， 严重威胁作物生产安全。为有效防控 水稻、玉米、马铃薯 田杂草危害，推动大面积单产提升，特制定本方案。 一、防控目标 坚持 “预防为主 综合防治”的植保方针,https://www.agri.cn/zx/zxfb/202503/t20250320_8720160.htm
5e01b5d97f3a1a21,中国农业农村信息网_全国农技中心印发2025年粮食作物田杂草科学防控技术方案,Measure,深翻,近年来，轻简化栽培技术广泛应用导致杂草群落结构逐渐复杂，联合收割机跨区作业常态化加速杂草种源的扩散和传播，除草剂品种单一化使用造成稗草、马唐、反枝苋等杂草抗药性问题日益突出，我国粮食作物杂草防控面临挑战， 严重威胁作物生产安全。为有效防控 水稻、玉米、马铃薯 田杂草危害，推动大面积单产提升，特制定本方案。 一、防控目标 坚持 “预防为主 综合防治”的植保方针,https://www.agri.cn/zx/zxfb/202503/t20250320_8720160.htm
765a21b3cb3a9155,中国农业农村信息网_2025年园艺作物重大病虫害防控技术方案,Crop,水稻,202 5 年豇豆病虫害绿色防控技术方案 为指导各地开展豇豆绿色生产，提高 豇豆病虫害绿色防控技术应用水平， 保障豇豆生产和质量安全， 特制定本方案。 一、防控策略 贯彻“预防为主，综合防治”的植保方针，通过协调应用源头控制、健康栽培、生态调控、生物防治、理化诱控和科学用药等技术措施，有效控制豇豆主要病虫害，降低农药残留超标风险。 二、防控对象 主要 害虫有,https://www.agri.cn/zx/zxfb/202502/t20250228_8715479.htm
765a21b3cb3a9155,中国农业农村信息网_2025年园艺作物重大病虫害防控技术方案,Crop,玉米,202 5 年豇豆病虫害绿色防控技术方案 为指导各地开展豇豆绿色生产，提高 豇豆病虫害绿色防控技术应用水平， 保障豇豆生产和质量安全， 特制定本方案。 一、防控策略 贯彻“预防为主，综合防治”的植保方针，通过协调应用源头控制、健康栽培、生态调控、生物防治、理化诱控和科学用药等技术措施，有效控制豇豆主要病虫害，降低农药残留超标风险。 二、防控对象 主要 害虫有,https://www.agri.cn/zx/zxfb/202502/t20250228_8715479.htm
765a21b3cb3a9155,中国农业农村信息网_2025年园艺作物重大病虫害防控技术方案,Crop,马铃薯,202 5 年豇豆病虫害绿色防控技术方案 为指导各地开展豇豆绿色生产，提高 豇豆病虫害绿色防控技术应用水平， 保障豇豆生产和质量安全， 特制定本方案。 一、防控策略 贯彻“预防为主，综合防治”的植保方针，通过协调应用源头控制、健康栽培、生态调控、生物防治、理化诱控和科学用药等技术措施，有效控制豇豆主要病虫害，降低农药残留超标风险。 二、防控对象 主要 害虫有,https://www.agri.cn/zx/zxfb/202502/t20250228_8715479.htm
765a21b3cb3a9155,中国农业农村信息网_2025年园艺作物重大病虫害防控技术方案,Crop,油菜,202 5 年豇豆病虫害绿色防控技术方案 为指导各地开展豇豆绿色生产，提高 豇豆病虫害绿色防控技术应用水平， 保障豇豆生产和质量安全， 特制定本方案。 一、防控策略 贯彻“预防为主，综合防治”的植保方针，通过协调应用源头控制、健康栽培、生态调控、生物防治、理化诱控和科学用药等技术措施，有效控制豇豆主要病虫害，降低农药残留超标风险。 二、防控对象 主要 害虫有,https://www.agri.cn/zx/zxfb/202502/t20250228_8715479.htm
765a21b3cb3a9155,中国农业农村信息网_2025年园艺作物重大病虫害防控技术方案,Crop,番茄,202 5 年豇豆病虫害绿色防控技术方案 为指导各地开展豇豆绿色生产，提高 豇豆病虫害绿色防控技术应用水平， 保障豇豆生产和质量安全， 特制定本方案。 一、防控策略 贯彻“预防为主，综合防治”的植保方针，通过协调应用源头控制、健康栽培、生态调控、生物防治、理化诱控和科学用药等技术措施，有效控制豇豆主要病虫害，降低农药残留超标风险。 二、防控对象 主要 害虫有,https://www.agri.cn/zx/zxfb/202502/t20250228_8715479.htm
765a21b3cb3a9155,中国农业农村信息网_2025年园艺作物重大病虫害防控技术方案,Crop,黄瓜,202 5 年豇豆病虫害绿色防控技术方案 为指导各地开展豇豆绿色生产，提高 豇豆病虫害绿色防控技术应用水平， 保障豇豆生产和质量安全， 特制定本方案。 一、防控策略 贯彻“预防为主，综合防治”的植保方针，通过协调应用源头控制、健康栽培、生态调控、生物防治、理化诱控和科学用药等技术措施，有效控制豇豆主要病虫害，降低农药残留超标风险。 二、防控对象 主要 害虫有,https://www.agri.cn/zx/zxfb/202502/t20250228_8715479.htm
765a21b3cb3a9155,中国农业农村信息网_2025年园艺作物重大病虫害防控技术方案,Crop,苹果,202 5 年豇豆病虫害绿色防控技术方案 为指导各地开展豇豆绿色生产，提高 豇豆病虫害绿色防控技术应用水平， 保障豇豆生产和质量安全， 特制定本方案。 一、防控策略 贯彻“预防为主，综合防治”的植保方针，通过协调应用源头控制、健康栽培、生态调控、生物防治、理化诱控和科学用药等技术措施，有效控制豇豆主要病虫害，降低农药残留超标风险。 二、防控对象 主要 害虫有,https://www.agri.cn/zx/zxfb/202502/t20250228_8715479.htm
765a21b3cb3a9155,中国农业农村信息网_2025年园艺作物重大病虫害防控技术方案,Crop,禾本科,202 5 年豇豆病虫害绿色防控技术方案 为指导各地开展豇豆绿色生产，提高 豇豆病虫害绿色防控技术应用水平， 保障豇豆生产和质量安全， 特制定本方案。 一、防控策略 贯彻“预防为主，综合防治”的植保方针，通过协调应用源头控制、健康栽培、生态调控、生物防治、理化诱控和科学用药等技术措施，有效控制豇豆主要病虫害，降低农药残留超标风险。 二、防控对象 主要 害虫有,https://www.agri.cn/zx/zxfb/202502/t20250228_8715479.htm
765a21b3cb3a9155,中国农业农村信息网_2025年园艺作物重大病虫害防控技术方案,Crop,丁香,202 5 年豇豆病虫害绿色防控技术方案 为指导各地开展豇豆绿色生产，提高 豇豆病虫害绿色防控技术应用水平， 保障豇豆生产和质量安全， 特制定本方案。 一、防控策略 贯彻“预防为主，综合防治”的植保方针，通过协调应用源头控制、健康栽培、生态调控、生物防治、理化诱控和科学用药等技术措施，有效控制豇豆主要病虫害，降低农药残留超标风险。 二、防控对象 主要 害虫有,https://www.agri.cn/zx/zxfb/202502/t20250228_8715479.htm
765a21b3cb3a9155,中国农业农村信息网_2025年园艺作物重大病虫害防控技术方案,Crop,万寿菊,202 5 年豇豆病虫害绿色防控技术方案 为指导各地开展豇豆绿色生产，提高 豇豆病虫害绿色防控技术应用水平， 保障豇豆生产和质量安全， 特制定本方案。 一、防控策略 贯彻“预防为主，综合防治”的植保方针，通过协调应用源头控制、健康栽培、生态调控、生物防治、理化诱控和科学用药等技术措施，有效控制豇豆主要病虫害，降低农药残留超标风险。 二、防控对象 主要 害虫有,https://www.agri.cn/zx/zxfb/202502/t20250228_8715479.htm
765a21b3cb3a9155,中国农业农村信息网_2025年园艺作物重大病虫害防控技术方案,Crop,世代,202 5 年豇豆病虫害绿色防控技术方案 为指导各地开展豇豆绿色生产，提高 豇豆病虫害绿色防控技术应用水平， 保障豇豆生产和质量安全， 特制定本方案。 一、防控策略 贯彻“预防为主，综合防治”的植保方针，通过协调应用源头控制、健康栽培、生态调控、生物防治、理化诱控和科学用药等技术措施，有效控制豇豆主要病虫害，降低农药残留超标风险。 二、防控对象 主要 害虫有,https://www.agri.cn/zx/zxfb/202502/t20250228_8715479.htm
765a21b3cb3a9155,中国农业农村信息网_2025年园艺作物重大病虫害防控技术方案,Crop,丙环唑,202 5 年豇豆病虫害绿色防控技术方案 为指导各地开展豇豆绿色生产，提高 豇豆病虫害绿色防控技术应用水平， 保障豇豆生产和质量安全， 特制定本方案。 一、防控策略 贯彻“预防为主，综合防治”的植保方针，通过协调应用源头控制、健康栽培、生态调控、生物防治、理化诱控和科学用药等技术措施，有效控制豇豆主要病虫害，降低农药残留超标风险。 二、防控对象 主要 害虫有,https://www.agri.cn/zx/zxfb/202502/t20250228_8715479.htm
765a21b3cb3a9155,中国农业农村信息网_2025年园艺作物重大病虫害防控技术方案,Disease,年园艺作物重大病,202 5 年豇豆病虫害绿色防控技术方案 为指导各地开展豇豆绿色生产，提高 豇豆病虫害绿色防控技术应用水平， 保障豇豆生产和质量安全， 特制定本方案。 一、防控策略 贯彻“预防为主，综合防治”的植保方针，通过协调应用源头控制、健康栽培、生态调控、生物防治、理化诱控和科学用药等技术措施，有效控制豇豆主要病虫害，降低农药残留超标风险。 二、防控对象 主要 害虫有,https://www.agri.cn/zx/zxfb/202502/t20250228_8715479.htm
765a21b3cb3a9155,中国农业农村信息网_2025年园艺作物重大病虫害防控技术方案,Disease,年豇豆病,202 5 年豇豆病虫害绿色防控技术方案 为指导各地开展豇豆绿色生产，提高 豇豆病虫害绿色防控技术应用水平， 保障豇豆生产和质量安全， 特制定本方案。 一、防控策略 贯彻“预防为主，综合防治”的植保方针，通过协调应用源头控制、健康栽培、生态调控、生物防治、理化诱控和科学用药等技术措施，有效控制豇豆主要病虫害，降低农药残留超标风险。 二、防控对象 主要 害虫有,https://www.agri.cn/zx/zxfb/202502/t20250228_8715479.htm
765a21b3cb3a9155,中国农业农村信息网_2025年园艺作物重大病虫害防控技术方案,Disease,豇豆病,202 5 年豇豆病虫害绿色防控技术方案 为指导各地开展豇豆绿色生产，提高 豇豆病虫害绿色防控技术应用水平， 保障豇豆生产和质量安全， 特制定本方案。 一、防控策略 贯彻“预防为主，综合防治”的植保方针，通过协调应用源头控制、健康栽培、生态调控、生物防治、理化诱控和科学用药等技术措施，有效控制豇豆主要病虫害，降低农药残留超标风险。 二、防控对象 主要 害虫有,https://www.agri.cn/zx/zxfb/202502/t20250228_8715479.htm
765a21b3cb3a9155,中国农业农村信息网_2025年园艺作物重大病虫害防控技术方案,Disease,有效控制豇豆主要病,202 5 年豇豆病虫害绿色防控技术方案 为指导各地开展豇豆绿色生产，提高 豇豆病虫害绿色防控技术应用水平， 保障豇豆生产和质量安全， 特制定本方案。 一、防控策略 贯彻“预防为主，综合防治”的植保方针，通过协调应用源头控制、健康栽培、生态调控、生物防治、理化诱控和科学用药等技术措施，有效控制豇豆主要病虫害，降低农药残留超标风险。 二、防控对象 主要 害虫有,https://www.agri.cn/zx/zxfb/202502/t20250228_8715479.htm
765a21b3cb3a9155,中国农业农村信息网_2025年园艺作物重大病虫害防控技术方案,Disease,主要病害有枯萎病,202 5 年豇豆病虫害绿色防控技术方案 为指导各地开展豇豆绿色生产，提高 豇豆病虫害绿色防控技术应用水平， 保障豇豆生产和质量安全， 特制定本方案。 一、防控策略 贯彻“预防为主，综合防治”的植保方针，通过协调应用源头控制、健康栽培、生态调控、生物防治、理化诱控和科学用药等技术措施，有效控制豇豆主要病虫害，降低农药残留超标风险。 二、防控对象 主要 害虫有,https://www.agri.cn/zx/zxfb/202502/t20250228_8715479.htm
765a21b3cb3a9155,中国农业农村信息网_2025年园艺作物重大病虫害防控技术方案,Disease,锈病,202 5 年豇豆病虫害绿色防控技术方案 为指导各地开展豇豆绿色生产，提高 豇豆病虫害绿色防控技术应用水平， 保障豇豆生产和质量安全， 特制定本方案。 一、防控策略 贯彻“预防为主，综合防治”的植保方针，通过协调应用源头控制、健康栽培、生态调控、生物防治、理化诱控和科学用药等技术措施，有效控制豇豆主要病虫害，降低农药残留超标风险。 二、防控对象 主要 害虫有,https://www.agri.cn/zx/zxfb/202502/t20250228_8715479.htm
765a21b3cb3a9155,中国农业农村信息网_2025年园艺作物重大病虫害防控技术方案,Disease,炭疽病,202 5 年豇豆病虫害绿色防控技术方案 为指导各地开展豇豆绿色生产，提高 豇豆病虫害绿色防控技术应用水平， 保障豇豆生产和质量安全， 特制定本方案。 一、防控策略 贯彻“预防为主，综合防治”的植保方针，通过协调应用源头控制、健康栽培、生态调控、生物防治、理化诱控和科学用药等技术措施，有效控制豇豆主要病虫害，降低农药残留超标风险。 二、防控对象 主要 害虫有,https://www.agri.cn/zx/zxfb/202502/t20250228_8715479.htm
765a21b3cb3a9155,中国农业农村信息网_2025年园艺作物重大病虫害防控技术方案,Disease,根腐病,202 5 年豇豆病虫害绿色防控技术方案 为指导各地开展豇豆绿色生产，提高 豇豆病虫害绿色防控技术应用水平， 保障豇豆生产和质量安全， 特制定本方案。 一、防控策略 贯彻“预防为主，综合防治”的植保方针，通过协调应用源头控制、健康栽培、生态调控、生物防治、理化诱控和科学用药等技术措施，有效控制豇豆主要病虫害，降低农药残留超标风险。 二、防控对象 主要 害虫有,https://www.agri.cn/zx/zxfb/202502/t20250228_8715479.htm
765a21b3cb3a9155,中国农业农村信息网_2025年园艺作物重大病虫害防控技术方案,Disease,白粉病,202 5 年豇豆病虫害绿色防控技术方案 为指导各地开展豇豆绿色生产，提高 豇豆病虫害绿色防控技术应用水平， 保障豇豆生产和质量安全， 特制定本方案。 一、防控策略 贯彻“预防为主，综合防治”的植保方针，通过协调应用源头控制、健康栽培、生态调控、生物防治、理化诱控和科学用药等技术措施，有效控制豇豆主要病虫害，降低农药残留超标风险。 二、防控对象 主要 害虫有,https://www.agri.cn/zx/zxfb/202502/t20250228_8715479.htm
765a21b3cb3a9155,中国农业农村信息网_2025年园艺作物重大病虫害防控技术方案,Disease,灰霉病,202 5 年豇豆病虫害绿色防控技术方案 为指导各地开展豇豆绿色生产，提高 豇豆病虫害绿色防控技术应用水平， 保障豇豆生产和质量安全， 特制定本方案。 一、防控策略 贯彻“预防为主，综合防治”的植保方针，通过协调应用源头控制、健康栽培、生态调控、生物防治、理化诱控和科学用药等技术措施，有效控制豇豆主要病虫害，降低农药残留超标风险。 二、防控对象 主要 害虫有,https://www.agri.cn/zx/zxfb/202502/t20250228_8715479.htm
765a21b3cb3a9155,中国农业农村信息网_2025年园艺作物重大病虫害防控技术方案,Disease,煤霉病,202 5 年豇豆病虫害绿色防控技术方案 为指导各地开展豇豆绿色生产，提高 豇豆病虫害绿色防控技术应用水平， 保障豇豆生产和质量安全， 特制定本方案。 一、防控策略 贯彻“预防为主，综合防治”的植保方针，通过协调应用源头控制、健康栽培、生态调控、生物防治、理化诱控和科学用药等技术措施，有效控制豇豆主要病虫害，降低农药残留超标风险。 二、防控对象 主要 害虫有,https://www.agri.cn/zx/zxfb/202502/t20250228_8715479.htm
765a21b3cb3a9155,中国农业农村信息网_2025年园艺作物重大病虫害防控技术方案,Disease,疫病,202 5 年豇豆病虫害绿色防控技术方案 为指导各地开展豇豆绿色生产，提高 豇豆病虫害绿色防控技术应用水平， 保障豇豆生产和质量安全， 特制定本方案。 一、防控策略 贯彻“预防为主，综合防治”的植保方针，通过协调应用源头控制、健康栽培、生态调控、生物防治、理化诱控和科学用药等技术措施，有效控制豇豆主要病虫害，降低农药残留超标风险。 二、防控对象 主要 害虫有,https://www.agri.cn/zx/zxfb/202502/t20250228_8715479.htm
765a21b3cb3a9155,中国农业农村信息网_2025年园艺作物重大病虫害防控技术方案,Pest,年园艺作物重大病虫,202 5 年豇豆病虫害绿色防控技术方案 为指导各地开展豇豆绿色生产，提高 豇豆病虫害绿色防控技术应用水平， 保障豇豆生产和质量安全， 特制定本方案。 一、防控策略 贯彻“预防为主，综合防治”的植保方针，通过协调应用源头控制、健康栽培、生态调控、生物防治、理化诱控和科学用药等技术措施，有效控制豇豆主要病虫害，降低农药残留超标风险。 二、防控对象 主要 害虫有,https://www.agri.cn/zx/zxfb/202502/t20250228_8715479.htm
765a21b3cb3a9155,中国农业农村信息网_2025年园艺作物重大病虫害防控技术方案,Pest,年豇豆病虫,202 5 年豇豆病虫害绿色防控技术方案 为指导各地开展豇豆绿色生产，提高 豇豆病虫害绿色防控技术应用水平， 保障豇豆生产和质量安全， 特制定本方案。 一、防控策略 贯彻“预防为主，综合防治”的植保方针，通过协调应用源头控制、健康栽培、生态调控、生物防治、理化诱控和科学用药等技术措施，有效控制豇豆主要病虫害，降低农药残留超标风险。 二、防控对象 主要 害虫有,https://www.agri.cn/zx/zxfb/202502/t20250228_8715479.htm
765a21b3cb3a9155,中国农业农村信息网_2025年园艺作物重大病虫害防控技术方案,Pest,豇豆病虫,202 5 年豇豆病虫害绿色防控技术方案 为指导各地开展豇豆绿色生产，提高 豇豆病虫害绿色防控技术应用水平， 保障豇豆生产和质量安全， 特制定本方案。 一、防控策略 贯彻“预防为主，综合防治”的植保方针，通过协调应用源头控制、健康栽培、生态调控、生物防治、理化诱控和科学用药等技术措施，有效控制豇豆主要病虫害，降低农药残留超标风险。 二、防控对象 主要 害虫有,https://www.agri.cn/zx/zxfb/202502/t20250228_8715479.htm
765a21b3cb3a9155,中国农业农村信息网_2025年园艺作物重大病虫害防控技术方案,Pest,有效控制豇豆主要病虫,202 5 年豇豆病虫害绿色防控技术方案 为指导各地开展豇豆绿色生产，提高 豇豆病虫害绿色防控技术应用水平， 保障豇豆生产和质量安全， 特制定本方案。 一、防控策略 贯彻“预防为主，综合防治”的植保方针，通过协调应用源头控制、健康栽培、生态调控、生物防治、理化诱控和科学用药等技术措施，有效控制豇豆主要病虫害，降低农药残留超标风险。 二、防控对象 主要 害虫有,https://www.agri.cn/zx/zxfb/202502/t20250228_8715479.htm
765a21b3cb3a9155,中国农业农村信息网_2025年园艺作物重大病虫害防控技术方案,Pest,害虫有蓟马,202 5 年豇豆病虫害绿色防控技术方案 为指导各地开展豇豆绿色生产，提高 豇豆病虫害绿色防控技术应用水平， 保障豇豆生产和质量安全， 特制定本方案。 一、防控策略 贯彻“预防为主，综合防治”的植保方针，通过协调应用源头控制、健康栽培、生态调控、生物防治、理化诱控和科学用药等技术措施，有效控制豇豆主要病虫害，降低农药残留超标风险。 二、防控对象 主要 害虫有,https://www.agri.cn/zx/zxfb/202502/t20250228_8715479.htm
765a21b3cb3a9155,中国农业农村信息网_2025年园艺作物重大病虫害防控技术方案,Pest,斑潜蝇,202 5 年豇豆病虫害绿色防控技术方案 为指导各地开展豇豆绿色生产，提高 豇豆病虫害绿色防控技术应用水平， 保障豇豆生产和质量安全， 特制定本方案。 一、防控策略 贯彻“预防为主，综合防治”的植保方针，通过协调应用源头控制、健康栽培、生态调控、生物防治、理化诱控和科学用药等技术措施，有效控制豇豆主要病虫害，降低农药残留超标风险。 二、防控对象 主要 害虫有,https://www.agri.cn/zx/zxfb/202502/t20250228_8715479.htm
765a21b3cb3a9155,中国农业农村信息网_2025年园艺作物重大病虫害防控技术方案,Pest,豇豆荚螟,202 5 年豇豆病虫害绿色防控技术方案 为指导各地开展豇豆绿色生产，提高 豇豆病虫害绿色防控技术应用水平， 保障豇豆生产和质量安全， 特制定本方案。 一、防控策略 贯彻“预防为主，综合防治”的植保方针，通过协调应用源头控制、健康栽培、生态调控、生物防治、理化诱控和科学用药等技术措施，有效控制豇豆主要病虫害，降低农药残留超标风险。 二、防控对象 主要 害虫有,https://www.agri.cn/zx/zxfb/202502/t20250228_8715479.htm
765a21b3cb3a9155,中国农业农村信息网_2025年园艺作物重大病虫害防控技术方案,Pest,蚜虫,202 5 年豇豆病虫害绿色防控技术方案 为指导各地开展豇豆绿色生产，提高 豇豆病虫害绿色防控技术应用水平， 保障豇豆生产和质量安全， 特制定本方案。 一、防控策略 贯彻“预防为主，综合防治”的植保方针，通过协调应用源头控制、健康栽培、生态调控、生物防治、理化诱控和科学用药等技术措施，有效控制豇豆主要病虫害，降低农药残留超标风险。 二、防控对象 主要 害虫有,https://www.agri.cn/zx/zxfb/202502/t20250228_8715479.htm
765a21b3cb3a9155,中国农业农村信息网_2025年园艺作物重大病虫害防控技术方案,Pest,甜菜夜蛾,202 5 年豇豆病虫害绿色防控技术方案 为指导各地开展豇豆绿色生产，提高 豇豆病虫害绿色防控技术应用水平， 保障豇豆生产和质量安全， 特制定本方案。 一、防控策略 贯彻“预防为主，综合防治”的植保方针，通过协调应用源头控制、健康栽培、生态调控、生物防治、理化诱控和科学用药等技术措施，有效控制豇豆主要病虫害，降低农药残留超标风险。 二、防控对象 主要 害虫有,https://www.agri.cn/zx/zxfb/202502/t20250228_8715479.htm
765a21b3cb3a9155,中国农业农村信息网_2025年园艺作物重大病虫害防控技术方案,Pest,斜纹夜蛾,202 5 年豇豆病虫害绿色防控技术方案 为指导各地开展豇豆绿色生产，提高 豇豆病虫害绿色防控技术应用水平， 保障豇豆生产和质量安全， 特制定本方案。 一、防控策略 贯彻“预防为主，综合防治”的植保方针，通过协调应用源头控制、健康栽培、生态调控、生物防治、理化诱控和科学用药等技术措施，有效控制豇豆主要病虫害，降低农药残留超标风险。 二、防控对象 主要 害虫有,https://www.agri.cn/zx/zxfb/202502/t20250228_8715479.htm
765a21b3cb3a9155,中国农业农村信息网_2025年园艺作物重大病虫害防控技术方案,Pest,叶螨,202 5 年豇豆病虫害绿色防控技术方案 为指导各地开展豇豆绿色生产，提高 豇豆病虫害绿色防控技术应用水平， 保障豇豆生产和质量安全， 特制定本方案。 一、防控策略 贯彻“预防为主，综合防治”的植保方针，通过协调应用源头控制、健康栽培、生态调控、生物防治、理化诱控和科学用药等技术措施，有效控制豇豆主要病虫害，降低农药残留超标风险。 二、防控对象 主要 害虫有,https://www.agri.cn/zx/zxfb/202502/t20250228_8715479.htm
765a21b3cb3a9155,中国农业农村信息网_2025年园艺作物重大病虫害防控技术方案,Pest,培育无病虫,202 5 年豇豆病虫害绿色防控技术方案 为指导各地开展豇豆绿色生产，提高 豇豆病虫害绿色防控技术应用水平， 保障豇豆生产和质量安全， 特制定本方案。 一、防控策略 贯彻“预防为主，综合防治”的植保方针，通过协调应用源头控制、健康栽培、生态调控、生物防治、理化诱控和科学用药等技术措施，有效控制豇豆主要病虫害，降低农药残留超标风险。 二、防控对象 主要 害虫有,https://www.agri.cn/zx/zxfb/202502/t20250228_8715479.htm
765a21b3cb3a9155,中国农业农村信息网_2025年园艺作物重大病虫害防控技术方案,Measure,防治,202 5 年豇豆病虫害绿色防控技术方案 为指导各地开展豇豆绿色生产，提高 豇豆病虫害绿色防控技术应用水平， 保障豇豆生产和质量安全， 特制定本方案。 一、防控策略 贯彻“预防为主，综合防治”的植保方针，通过协调应用源头控制、健康栽培、生态调控、生物防治、理化诱控和科学用药等技术措施，有效控制豇豆主要病虫害，降低农药残留超标风险。 二、防控对象 主要 害虫有,https://www.agri.cn/zx/zxfb/202502/t20250228_8715479.htm
765a21b3cb3a9155,中国农业农村信息网_2025年园艺作物重大病虫害防控技术方案,Measure,喷施,202 5 年豇豆病虫害绿色防控技术方案 为指导各地开展豇豆绿色生产，提高 豇豆病虫害绿色防控技术应用水平， 保障豇豆生产和质量安全， 特制定本方案。 一、防控策略 贯彻“预防为主，综合防治”的植保方针，通过协调应用源头控制、健康栽培、生态调控、生物防治、理化诱控和科学用药等技术措施，有效控制豇豆主要病虫害，降低农药残留超标风险。 二、防控对象 主要 害虫有,https://www.agri.cn/zx/zxfb/202502/t20250228_8715479.htm
765a21b3cb3a9155,中国农业农村信息网_2025年园艺作物重大病虫害防控技术方案,Measure,施肥,202 5 年豇豆病虫害绿色防控技术方案 为指导各地开展豇豆绿色生产，提高 豇豆病虫害绿色防控技术应用水平， 保障豇豆生产和质量安全， 特制定本方案。 一、防控策略 贯彻“预防为主，综合防治”的植保方针，通过协调应用源头控制、健康栽培、生态调控、生物防治、理化诱控和科学用药等技术措施，有效控制豇豆主要病虫害，降低农药残留超标风险。 二、防控对象 主要 害虫有,https://www.agri.cn/zx/zxfb/202502/t20250228_8715479.htm
765a21b3cb3a9155,中国农业农村信息网_2025年园艺作物重大病虫害防控技术方案,Measure,灌溉,202 5 年豇豆病虫害绿色防控技术方案 为指导各地开展豇豆绿色生产，提高 豇豆病虫害绿色防控技术应用水平， 保障豇豆生产和质量安全， 特制定本方案。 一、防控策略 贯彻“预防为主，综合防治”的植保方针，通过协调应用源头控制、健康栽培、生态调控、生物防治、理化诱控和科学用药等技术措施，有效控制豇豆主要病虫害，降低农药残留超标风险。 二、防控对象 主要 害虫有,https://www.agri.cn/zx/zxfb/202502/t20250228_8715479.htm
765a21b3cb3a9155,中国农业农村信息网_2025年园艺作物重大病虫害防控技术方案,Measure,轮作,202 5 年豇豆病虫害绿色防控技术方案 为指导各地开展豇豆绿色生产，提高 豇豆病虫害绿色防控技术应用水平， 保障豇豆生产和质量安全， 特制定本方案。 一、防控策略 贯彻“预防为主，综合防治”的植保方针，通过协调应用源头控制、健康栽培、生态调控、生物防治、理化诱控和科学用药等技术措施，有效控制豇豆主要病虫害，降低农药残留超标风险。 二、防控对象 主要 害虫有,https://www.agri.cn/zx/zxfb/202502/t20250228_8715479.htm
765a21b3cb3a9155,中国农业农村信息网_2025年园艺作物重大病虫害防控技术方案,Measure,深翻,202 5 年豇豆病虫害绿色防控技术方案 为指导各地开展豇豆绿色生产，提高 豇豆病虫害绿色防控技术应用水平， 保障豇豆生产和质量安全， 特制定本方案。 一、防控策略 贯彻“预防为主，综合防治”的植保方针，通过协调应用源头控制、健康栽培、生态调控、生物防治、理化诱控和科学用药等技术措施，有效控制豇豆主要病虫害，降低农药残留超标风险。 二、防控对象 主要 害虫有,https://www.agri.cn/zx/zxfb/202502/t20250228_8715479.htm
765a21b3cb3a9155,中国农业农村信息网_2025年园艺作物重大病虫害防控技术方案,Measure,诱杀,202 5 年豇豆病虫害绿色防控技术方案 为指导各地开展豇豆绿色生产，提高 豇豆病虫害绿色防控技术应用水平， 保障豇豆生产和质量安全， 特制定本方案。 一、防控策略 贯彻“预防为主，综合防治”的植保方针，通过协调应用源头控制、健康栽培、生态调控、生物防治、理化诱控和科学用药等技术措施，有效控制豇豆主要病虫害，降低农药残留超标风险。 二、防控对象 主要 害虫有,https://www.agri.cn/zx/zxfb/202502/t20250228_8715479.htm
765a21b3cb3a9155,中国农业农村信息网_2025年园艺作物重大病虫害防控技术方案,Measure,统防统治,202 5 年豇豆病虫害绿色防控技术方案 为指导各地开展豇豆绿色生产，提高 豇豆病虫害绿色防控技术应用水平， 保障豇豆生产和质量安全， 特制定本方案。 一、防控策略 贯彻“预防为主，综合防治”的植保方针，通过协调应用源头控制、健康栽培、生态调控、生物防治、理化诱控和科学用药等技术措施，有效控制豇豆主要病虫害，降低农药残留超标风险。 二、防控对象 主要 害虫有,https://www.agri.cn/zx/zxfb/202502/t20250228_8715479.htm
765a21b3cb3a9155,中国农业农村信息网_2025年园艺作物重大病虫害防控技术方案,Measure,绿色防控,202 5 年豇豆病虫害绿色防控技术方案 为指导各地开展豇豆绿色生产，提高 豇豆病虫害绿色防控技术应用水平， 保障豇豆生产和质量安全， 特制定本方案。 一、防控策略 贯彻“预防为主，综合防治”的植保方针，通过协调应用源头控制、健康栽培、生态调控、生物防治、理化诱控和科学用药等技术措施，有效控制豇豆主要病虫害，降低农药残留超标风险。 二、防控对象 主要 害虫有,https://www.agri.cn/zx/zxfb/202502/t20250228_8715479.htm
63620c476124acff,中国农业农村信息网_2025年粮食作物重大病虫害防控技术方案,Crop,水稻,2025年小麦春季重大病虫害防控技术方案 据全国农技中心预测， 2025 年全国小麦重大病虫害总体偏重发生，发生面积 9.5 亿亩次，其中病害发生 5.8 亿亩次，虫害发生 3.7 亿亩次。赤霉病在长江中下游、江淮和黄淮南部麦区偏重至大流行风险高，条锈病在汉水流域和西北麦区局部偏重发生，茎基腐病和纹枯病在黄淮麦区偏重发生，蚜虫在黄淮海大部麦区偏重发生。为有效,https://www.agri.cn/zx/zxfb/202502/t20250228_8715477.htm
63620c476124acff,中国农业农村信息网_2025年粮食作物重大病虫害防控技术方案,Crop,小麦,2025年小麦春季重大病虫害防控技术方案 据全国农技中心预测， 2025 年全国小麦重大病虫害总体偏重发生，发生面积 9.5 亿亩次，其中病害发生 5.8 亿亩次，虫害发生 3.7 亿亩次。赤霉病在长江中下游、江淮和黄淮南部麦区偏重至大流行风险高，条锈病在汉水流域和西北麦区局部偏重发生，茎基腐病和纹枯病在黄淮麦区偏重发生，蚜虫在黄淮海大部麦区偏重发生。为有效,https://www.agri.cn/zx/zxfb/202502/t20250228_8715477.htm
63620c476124acff,中国农业农村信息网_2025年粮食作物重大病虫害防控技术方案,Crop,玉米,2025年小麦春季重大病虫害防控技术方案 据全国农技中心预测， 2025 年全国小麦重大病虫害总体偏重发生，发生面积 9.5 亿亩次，其中病害发生 5.8 亿亩次，虫害发生 3.7 亿亩次。赤霉病在长江中下游、江淮和黄淮南部麦区偏重至大流行风险高，条锈病在汉水流域和西北麦区局部偏重发生，茎基腐病和纹枯病在黄淮麦区偏重发生，蚜虫在黄淮海大部麦区偏重发生。为有效,https://www.agri.cn/zx/zxfb/202502/t20250228_8715477.htm
63620c476124acff,中国农业农村信息网_2025年粮食作物重大病虫害防控技术方案,Crop,大豆,2025年小麦春季重大病虫害防控技术方案 据全国农技中心预测， 2025 年全国小麦重大病虫害总体偏重发生，发生面积 9.5 亿亩次，其中病害发生 5.8 亿亩次，虫害发生 3.7 亿亩次。赤霉病在长江中下游、江淮和黄淮南部麦区偏重至大流行风险高，条锈病在汉水流域和西北麦区局部偏重发生，茎基腐病和纹枯病在黄淮麦区偏重发生，蚜虫在黄淮海大部麦区偏重发生。为有效,https://www.agri.cn/zx/zxfb/202502/t20250228_8715477.htm
63620c476124acff,中国农业农村信息网_2025年粮食作物重大病虫害防控技术方案,Crop,马铃薯,2025年小麦春季重大病虫害防控技术方案 据全国农技中心预测， 2025 年全国小麦重大病虫害总体偏重发生，发生面积 9.5 亿亩次，其中病害发生 5.8 亿亩次，虫害发生 3.7 亿亩次。赤霉病在长江中下游、江淮和黄淮南部麦区偏重至大流行风险高，条锈病在汉水流域和西北麦区局部偏重发生，茎基腐病和纹枯病在黄淮麦区偏重发生，蚜虫在黄淮海大部麦区偏重发生。为有效,https://www.agri.cn/zx/zxfb/202502/t20250228_8715477.htm
63620c476124acff,中国农业农村信息网_2025年粮食作物重大病虫害防控技术方案,Crop,棉花,2025年小麦春季重大病虫害防控技术方案 据全国农技中心预测， 2025 年全国小麦重大病虫害总体偏重发生，发生面积 9.5 亿亩次，其中病害发生 5.8 亿亩次，虫害发生 3.7 亿亩次。赤霉病在长江中下游、江淮和黄淮南部麦区偏重至大流行风险高，条锈病在汉水流域和西北麦区局部偏重发生，茎基腐病和纹枯病在黄淮麦区偏重发生，蚜虫在黄淮海大部麦区偏重发生。为有效,https://www.agri.cn/zx/zxfb/202502/t20250228_8715477.htm
63620c476124acff,中国农业农村信息网_2025年粮食作物重大病虫害防控技术方案,Crop,禾本科,2025年小麦春季重大病虫害防控技术方案 据全国农技中心预测， 2025 年全国小麦重大病虫害总体偏重发生，发生面积 9.5 亿亩次，其中病害发生 5.8 亿亩次，虫害发生 3.7 亿亩次。赤霉病在长江中下游、江淮和黄淮南部麦区偏重至大流行风险高，条锈病在汉水流域和西北麦区局部偏重发生，茎基腐病和纹枯病在黄淮麦区偏重发生，蚜虫在黄淮海大部麦区偏重发生。为有效,https://www.agri.cn/zx/zxfb/202502/t20250228_8715477.htm
63620c476124acff,中国农业农村信息网_2025年粮食作物重大病虫害防控技术方案,Crop,丁子香,2025年小麦春季重大病虫害防控技术方案 据全国农技中心预测， 2025 年全国小麦重大病虫害总体偏重发生，发生面积 9.5 亿亩次，其中病害发生 5.8 亿亩次，虫害发生 3.7 亿亩次。赤霉病在长江中下游、江淮和黄淮南部麦区偏重至大流行风险高，条锈病在汉水流域和西北麦区局部偏重发生，茎基腐病和纹枯病在黄淮麦区偏重发生，蚜虫在黄淮海大部麦区偏重发生。为有效,https://www.agri.cn/zx/zxfb/202502/t20250228_8715477.htm
63620c476124acff,中国农业农村信息网_2025年粮食作物重大病虫害防控技术方案,Crop,丁子香酚,2025年小麦春季重大病虫害防控技术方案 据全国农技中心预测， 2025 年全国小麦重大病虫害总体偏重发生，发生面积 9.5 亿亩次，其中病害发生 5.8 亿亩次，虫害发生 3.7 亿亩次。赤霉病在长江中下游、江淮和黄淮南部麦区偏重至大流行风险高，条锈病在汉水流域和西北麦区局部偏重发生，茎基腐病和纹枯病在黄淮麦区偏重发生，蚜虫在黄淮海大部麦区偏重发生。为有效,https://www.agri.cn/zx/zxfb/202502/t20250228_8715477.htm
63620c476124acff,中国农业农村信息网_2025年粮食作物重大病虫害防控技术方案,Crop,丁硫克百威,2025年小麦春季重大病虫害防控技术方案 据全国农技中心预测， 2025 年全国小麦重大病虫害总体偏重发生，发生面积 9.5 亿亩次，其中病害发生 5.8 亿亩次，虫害发生 3.7 亿亩次。赤霉病在长江中下游、江淮和黄淮南部麦区偏重至大流行风险高，条锈病在汉水流域和西北麦区局部偏重发生，茎基腐病和纹枯病在黄淮麦区偏重发生，蚜虫在黄淮海大部麦区偏重发生。为有效,https://www.agri.cn/zx/zxfb/202502/t20250228_8715477.htm
63620c476124acff,中国农业农村信息网_2025年粮食作物重大病虫害防控技术方案,Crop,三化螟,2025年小麦春季重大病虫害防控技术方案 据全国农技中心预测， 2025 年全国小麦重大病虫害总体偏重发生，发生面积 9.5 亿亩次，其中病害发生 5.8 亿亩次，虫害发生 3.7 亿亩次。赤霉病在长江中下游、江淮和黄淮南部麦区偏重至大流行风险高，条锈病在汉水流域和西北麦区局部偏重发生，茎基腐病和纹枯病在黄淮麦区偏重发生，蚜虫在黄淮海大部麦区偏重发生。为有效,https://www.agri.cn/zx/zxfb/202502/t20250228_8715477.htm
63620c476124acff,中国农业农村信息网_2025年粮食作物重大病虫害防控技术方案,Crop,三唑磷,2025年小麦春季重大病虫害防控技术方案 据全国农技中心预测， 2025 年全国小麦重大病虫害总体偏重发生，发生面积 9.5 亿亩次，其中病害发生 5.8 亿亩次，虫害发生 3.7 亿亩次。赤霉病在长江中下游、江淮和黄淮南部麦区偏重至大流行风险高，条锈病在汉水流域和西北麦区局部偏重发生，茎基腐病和纹枯病在黄淮麦区偏重发生，蚜虫在黄淮海大部麦区偏重发生。为有效,https://www.agri.cn/zx/zxfb/202502/t20250228_8715477.htm
63620c476124acff,中国农业农村信息网_2025年粮食作物重大病虫害防控技术方案,Disease,年粮食作物重大病,2025年小麦春季重大病虫害防控技术方案 据全国农技中心预测， 2025 年全国小麦重大病虫害总体偏重发生，发生面积 9.5 亿亩次，其中病害发生 5.8 亿亩次，虫害发生 3.7 亿亩次。赤霉病在长江中下游、江淮和黄淮南部麦区偏重至大流行风险高，条锈病在汉水流域和西北麦区局部偏重发生，茎基腐病和纹枯病在黄淮麦区偏重发生，蚜虫在黄淮海大部麦区偏重发生。为有效,https://www.agri.cn/zx/zxfb/202502/t20250228_8715477.htm
63620c476124acff,中国农业农村信息网_2025年粮食作物重大病虫害防控技术方案,Disease,年小麦春季重大病,2025年小麦春季重大病虫害防控技术方案 据全国农技中心预测， 2025 年全国小麦重大病虫害总体偏重发生，发生面积 9.5 亿亩次，其中病害发生 5.8 亿亩次，虫害发生 3.7 亿亩次。赤霉病在长江中下游、江淮和黄淮南部麦区偏重至大流行风险高，条锈病在汉水流域和西北麦区局部偏重发生，茎基腐病和纹枯病在黄淮麦区偏重发生，蚜虫在黄淮海大部麦区偏重发生。为有效,https://www.agri.cn/zx/zxfb/202502/t20250228_8715477.htm
63620c476124acff,中国农业农村信息网_2025年粮食作物重大病虫害防控技术方案,Disease,年全国小麦重大病,2025年小麦春季重大病虫害防控技术方案 据全国农技中心预测， 2025 年全国小麦重大病虫害总体偏重发生，发生面积 9.5 亿亩次，其中病害发生 5.8 亿亩次，虫害发生 3.7 亿亩次。赤霉病在长江中下游、江淮和黄淮南部麦区偏重至大流行风险高，条锈病在汉水流域和西北麦区局部偏重发生，茎基腐病和纹枯病在黄淮麦区偏重发生，蚜虫在黄淮海大部麦区偏重发生。为有效,https://www.agri.cn/zx/zxfb/202502/t20250228_8715477.htm
63620c476124acff,中国农业农村信息网_2025年粮食作物重大病虫害防控技术方案,Disease,其中病,2025年小麦春季重大病虫害防控技术方案 据全国农技中心预测， 2025 年全国小麦重大病虫害总体偏重发生，发生面积 9.5 亿亩次，其中病害发生 5.8 亿亩次，虫害发生 3.7 亿亩次。赤霉病在长江中下游、江淮和黄淮南部麦区偏重至大流行风险高，条锈病在汉水流域和西北麦区局部偏重发生，茎基腐病和纹枯病在黄淮麦区偏重发生，蚜虫在黄淮海大部麦区偏重发生。为有效,https://www.agri.cn/zx/zxfb/202502/t20250228_8715477.htm
63620c476124acff,中国农业农村信息网_2025年粮食作物重大病虫害防控技术方案,Disease,赤霉病,2025年小麦春季重大病虫害防控技术方案 据全国农技中心预测， 2025 年全国小麦重大病虫害总体偏重发生，发生面积 9.5 亿亩次，其中病害发生 5.8 亿亩次，虫害发生 3.7 亿亩次。赤霉病在长江中下游、江淮和黄淮南部麦区偏重至大流行风险高，条锈病在汉水流域和西北麦区局部偏重发生，茎基腐病和纹枯病在黄淮麦区偏重发生，蚜虫在黄淮海大部麦区偏重发生。为有效,https://www.agri.cn/zx/zxfb/202502/t20250228_8715477.htm
63620c476124acff,中国农业农村信息网_2025年粮食作物重大病虫害防控技术方案,Disease,条锈病,2025年小麦春季重大病虫害防控技术方案 据全国农技中心预测， 2025 年全国小麦重大病虫害总体偏重发生，发生面积 9.5 亿亩次，其中病害发生 5.8 亿亩次，虫害发生 3.7 亿亩次。赤霉病在长江中下游、江淮和黄淮南部麦区偏重至大流行风险高，条锈病在汉水流域和西北麦区局部偏重发生，茎基腐病和纹枯病在黄淮麦区偏重发生，蚜虫在黄淮海大部麦区偏重发生。为有效,https://www.agri.cn/zx/zxfb/202502/t20250228_8715477.htm
63620c476124acff,中国农业农村信息网_2025年粮食作物重大病虫害防控技术方案,Disease,茎基腐病和纹枯病,2025年小麦春季重大病虫害防控技术方案 据全国农技中心预测， 2025 年全国小麦重大病虫害总体偏重发生，发生面积 9.5 亿亩次，其中病害发生 5.8 亿亩次，虫害发生 3.7 亿亩次。赤霉病在长江中下游、江淮和黄淮南部麦区偏重至大流行风险高，条锈病在汉水流域和西北麦区局部偏重发生，茎基腐病和纹枯病在黄淮麦区偏重发生，蚜虫在黄淮海大部麦区偏重发生。为有效,https://www.agri.cn/zx/zxfb/202502/t20250228_8715477.htm
63620c476124acff,中国农业农村信息网_2025年粮食作物重大病虫害防控技术方案,Disease,为有效控制病,2025年小麦春季重大病虫害防控技术方案 据全国农技中心预测， 2025 年全国小麦重大病虫害总体偏重发生，发生面积 9.5 亿亩次，其中病害发生 5.8 亿亩次，虫害发生 3.7 亿亩次。赤霉病在长江中下游、江淮和黄淮南部麦区偏重至大流行风险高，条锈病在汉水流域和西北麦区局部偏重发生，茎基腐病和纹枯病在黄淮麦区偏重发生，蚜虫在黄淮海大部麦区偏重发生。为有效,https://www.agri.cn/zx/zxfb/202502/t20250228_8715477.htm
63620c476124acff,中国农业农村信息网_2025年粮食作物重大病虫害防控技术方案,Disease,小麦病,2025年小麦春季重大病虫害防控技术方案 据全国农技中心预测， 2025 年全国小麦重大病虫害总体偏重发生，发生面积 9.5 亿亩次，其中病害发生 5.8 亿亩次，虫害发生 3.7 亿亩次。赤霉病在长江中下游、江淮和黄淮南部麦区偏重至大流行风险高，条锈病在汉水流域和西北麦区局部偏重发生，茎基腐病和纹枯病在黄淮麦区偏重发生，蚜虫在黄淮海大部麦区偏重发生。为有效,https://www.agri.cn/zx/zxfb/202502/t20250228_8715477.htm
63620c476124acff,中国农业农村信息网_2025年粮食作物重大病虫害防控技术方案,Disease,坚持防病,2025年小麦春季重大病虫害防控技术方案 据全国农技中心预测， 2025 年全国小麦重大病虫害总体偏重发生，发生面积 9.5 亿亩次，其中病害发生 5.8 亿亩次，虫害发生 3.7 亿亩次。赤霉病在长江中下游、江淮和黄淮南部麦区偏重至大流行风险高，条锈病在汉水流域和西北麦区局部偏重发生，茎基腐病和纹枯病在黄淮麦区偏重发生，蚜虫在黄淮海大部麦区偏重发生。为有效,https://www.agri.cn/zx/zxfb/202502/t20250228_8715477.htm
63620c476124acff,中国农业农村信息网_2025年粮食作物重大病虫害防控技术方案,Disease,抓住重大病,2025年小麦春季重大病虫害防控技术方案 据全国农技中心预测， 2025 年全国小麦重大病虫害总体偏重发生，发生面积 9.5 亿亩次，其中病害发生 5.8 亿亩次，虫害发生 3.7 亿亩次。赤霉病在长江中下游、江淮和黄淮南部麦区偏重至大流行风险高，条锈病在汉水流域和西北麦区局部偏重发生，茎基腐病和纹枯病在黄淮麦区偏重发生，蚜虫在黄淮海大部麦区偏重发生。为有效,https://www.agri.cn/zx/zxfb/202502/t20250228_8715477.htm
63620c476124acff,中国农业农村信息网_2025年粮食作物重大病虫害防控技术方案,Disease,有效防控重大病,2025年小麦春季重大病虫害防控技术方案 据全国农技中心预测， 2025 年全国小麦重大病虫害总体偏重发生，发生面积 9.5 亿亩次，其中病害发生 5.8 亿亩次，虫害发生 3.7 亿亩次。赤霉病在长江中下游、江淮和黄淮南部麦区偏重至大流行风险高，条锈病在汉水流域和西北麦区局部偏重发生，茎基腐病和纹枯病在黄淮麦区偏重发生，蚜虫在黄淮海大部麦区偏重发生。为有效,https://www.agri.cn/zx/zxfb/202502/t20250228_8715477.htm
63620c476124acff,中国农业农村信息网_2025年粮食作物重大病虫害防控技术方案,Pest,年粮食作物重大病虫,2025年小麦春季重大病虫害防控技术方案 据全国农技中心预测， 2025 年全国小麦重大病虫害总体偏重发生，发生面积 9.5 亿亩次，其中病害发生 5.8 亿亩次，虫害发生 3.7 亿亩次。赤霉病在长江中下游、江淮和黄淮南部麦区偏重至大流行风险高，条锈病在汉水流域和西北麦区局部偏重发生，茎基腐病和纹枯病在黄淮麦区偏重发生，蚜虫在黄淮海大部麦区偏重发生。为有效,https://www.agri.cn/zx/zxfb/202502/t20250228_8715477.htm
63620c476124acff,中国农业农村信息网_2025年粮食作物重大病虫害防控技术方案,Pest,年小麦春季重大病虫,2025年小麦春季重大病虫害防控技术方案 据全国农技中心预测， 2025 年全国小麦重大病虫害总体偏重发生，发生面积 9.5 亿亩次，其中病害发生 5.8 亿亩次，虫害发生 3.7 亿亩次。赤霉病在长江中下游、江淮和黄淮南部麦区偏重至大流行风险高，条锈病在汉水流域和西北麦区局部偏重发生，茎基腐病和纹枯病在黄淮麦区偏重发生，蚜虫在黄淮海大部麦区偏重发生。为有效,https://www.agri.cn/zx/zxfb/202502/t20250228_8715477.htm
63620c476124acff,中国农业农村信息网_2025年粮食作物重大病虫害防控技术方案,Pest,年全国小麦重大病虫,2025年小麦春季重大病虫害防控技术方案 据全国农技中心预测， 2025 年全国小麦重大病虫害总体偏重发生，发生面积 9.5 亿亩次，其中病害发生 5.8 亿亩次，虫害发生 3.7 亿亩次。赤霉病在长江中下游、江淮和黄淮南部麦区偏重至大流行风险高，条锈病在汉水流域和西北麦区局部偏重发生，茎基腐病和纹枯病在黄淮麦区偏重发生，蚜虫在黄淮海大部麦区偏重发生。为有效,https://www.agri.cn/zx/zxfb/202502/t20250228_8715477.htm
63620c476124acff,中国农业农村信息网_2025年粮食作物重大病虫害防控技术方案,Pest,蚜虫,2025年小麦春季重大病虫害防控技术方案 据全国农技中心预测， 2025 年全国小麦重大病虫害总体偏重发生，发生面积 9.5 亿亩次，其中病害发生 5.8 亿亩次，虫害发生 3.7 亿亩次。赤霉病在长江中下游、江淮和黄淮南部麦区偏重至大流行风险高，条锈病在汉水流域和西北麦区局部偏重发生，茎基腐病和纹枯病在黄淮麦区偏重发生，蚜虫在黄淮海大部麦区偏重发生。为有效,https://www.agri.cn/zx/zxfb/202502/t20250228_8715477.htm
63620c476124acff,中国农业农村信息网_2025年粮食作物重大病虫害防控技术方案,Pest,为有效控制病虫,2025年小麦春季重大病虫害防控技术方案 据全国农技中心预测， 2025 年全国小麦重大病虫害总体偏重发生，发生面积 9.5 亿亩次，其中病害发生 5.8 亿亩次，虫害发生 3.7 亿亩次。赤霉病在长江中下游、江淮和黄淮南部麦区偏重至大流行风险高，条锈病在汉水流域和西北麦区局部偏重发生，茎基腐病和纹枯病在黄淮麦区偏重发生，蚜虫在黄淮海大部麦区偏重发生。为有效,https://www.agri.cn/zx/zxfb/202502/t20250228_8715477.htm
63620c476124acff,中国农业农村信息网_2025年粮食作物重大病虫害防控技术方案,Pest,小麦病虫,2025年小麦春季重大病虫害防控技术方案 据全国农技中心预测， 2025 年全国小麦重大病虫害总体偏重发生，发生面积 9.5 亿亩次，其中病害发生 5.8 亿亩次，虫害发生 3.7 亿亩次。赤霉病在长江中下游、江淮和黄淮南部麦区偏重至大流行风险高，条锈病在汉水流域和西北麦区局部偏重发生，茎基腐病和纹枯病在黄淮麦区偏重发生，蚜虫在黄淮海大部麦区偏重发生。为有效,https://www.agri.cn/zx/zxfb/202502/t20250228_8715477.htm
63620c476124acff,中国农业农村信息网_2025年粮食作物重大病虫害防控技术方案,Pest,坚持防病虫,2025年小麦春季重大病虫害防控技术方案 据全国农技中心预测， 2025 年全国小麦重大病虫害总体偏重发生，发生面积 9.5 亿亩次，其中病害发生 5.8 亿亩次，虫害发生 3.7 亿亩次。赤霉病在长江中下游、江淮和黄淮南部麦区偏重至大流行风险高，条锈病在汉水流域和西北麦区局部偏重发生，茎基腐病和纹枯病在黄淮麦区偏重发生，蚜虫在黄淮海大部麦区偏重发生。为有效,https://www.agri.cn/zx/zxfb/202502/t20250228_8715477.htm
63620c476124acff,中国农业农村信息网_2025年粮食作物重大病虫害防控技术方案,Pest,抓住重大病虫,2025年小麦春季重大病虫害防控技术方案 据全国农技中心预测， 2025 年全国小麦重大病虫害总体偏重发生，发生面积 9.5 亿亩次，其中病害发生 5.8 亿亩次，虫害发生 3.7 亿亩次。赤霉病在长江中下游、江淮和黄淮南部麦区偏重至大流行风险高，条锈病在汉水流域和西北麦区局部偏重发生，茎基腐病和纹枯病在黄淮麦区偏重发生，蚜虫在黄淮海大部麦区偏重发生。为有效,https://www.agri.cn/zx/zxfb/202502/t20250228_8715477.htm
63620c476124acff,中国农业农村信息网_2025年粮食作物重大病虫害防控技术方案,Pest,有效防控重大病虫,2025年小麦春季重大病虫害防控技术方案 据全国农技中心预测， 2025 年全国小麦重大病虫害总体偏重发生，发生面积 9.5 亿亩次，其中病害发生 5.8 亿亩次，虫害发生 3.7 亿亩次。赤霉病在长江中下游、江淮和黄淮南部麦区偏重至大流行风险高，条锈病在汉水流域和西北麦区局部偏重发生，茎基腐病和纹枯病在黄淮麦区偏重发生，蚜虫在黄淮海大部麦区偏重发生。为有效,https://www.agri.cn/zx/zxfb/202502/t20250228_8715477.htm
63620c476124acff,中国农业农村信息网_2025年粮食作物重大病虫害防控技术方案,Pest,实现小麦病虫,2025年小麦春季重大病虫害防控技术方案 据全国农技中心预测， 2025 年全国小麦重大病虫害总体偏重发生，发生面积 9.5 亿亩次，其中病害发生 5.8 亿亩次，虫害发生 3.7 亿亩次。赤霉病在长江中下游、江淮和黄淮南部麦区偏重至大流行风险高，条锈病在汉水流域和西北麦区局部偏重发生，茎基腐病和纹枯病在黄淮麦区偏重发生，蚜虫在黄淮海大部麦区偏重发生。为有效,https://www.agri.cn/zx/zxfb/202502/t20250228_8715477.htm
63620c476124acff,中国农业农村信息网_2025年粮食作物重大病虫害防控技术方案,Pest,蚜虫等一类病虫,2025年小麦春季重大病虫害防控技术方案 据全国农技中心预测， 2025 年全国小麦重大病虫害总体偏重发生，发生面积 9.5 亿亩次，其中病害发生 5.8 亿亩次，虫害发生 3.7 亿亩次。赤霉病在长江中下游、江淮和黄淮南部麦区偏重至大流行风险高，条锈病在汉水流域和西北麦区局部偏重发生，茎基腐病和纹枯病在黄淮麦区偏重发生，蚜虫在黄淮海大部麦区偏重发生。为有效,https://www.agri.cn/zx/zxfb/202502/t20250228_8715477.htm
63620c476124acff,中国农业农村信息网_2025年粮食作物重大病虫害防控技术方案,Pest,吸浆虫等常发病虫,2025年小麦春季重大病虫害防控技术方案 据全国农技中心预测， 2025 年全国小麦重大病虫害总体偏重发生，发生面积 9.5 亿亩次，其中病害发生 5.8 亿亩次，虫害发生 3.7 亿亩次。赤霉病在长江中下游、江淮和黄淮南部麦区偏重至大流行风险高，条锈病在汉水流域和西北麦区局部偏重发生，茎基腐病和纹枯病在黄淮麦区偏重发生，蚜虫在黄淮海大部麦区偏重发生。为有效,https://www.agri.cn/zx/zxfb/202502/t20250228_8715477.htm
63620c476124acff,中国农业农村信息网_2025年粮食作物重大病虫害防控技术方案,Measure,防治,2025年小麦春季重大病虫害防控技术方案 据全国农技中心预测， 2025 年全国小麦重大病虫害总体偏重发生，发生面积 9.5 亿亩次，其中病害发生 5.8 亿亩次，虫害发生 3.7 亿亩次。赤霉病在长江中下游、江淮和黄淮南部麦区偏重至大流行风险高，条锈病在汉水流域和西北麦区局部偏重发生，茎基腐病和纹枯病在黄淮麦区偏重发生，蚜虫在黄淮海大部麦区偏重发生。为有效,https://www.agri.cn/zx/zxfb/202502/t20250228_8715477.htm
63620c476124acff,中国农业农村信息网_2025年粮食作物重大病虫害防控技术方案,Measure,喷施,2025年小麦春季重大病虫害防控技术方案 据全国农技中心预测， 2025 年全国小麦重大病虫害总体偏重发生，发生面积 9.5 亿亩次，其中病害发生 5.8 亿亩次，虫害发生 3.7 亿亩次。赤霉病在长江中下游、江淮和黄淮南部麦区偏重至大流行风险高，条锈病在汉水流域和西北麦区局部偏重发生，茎基腐病和纹枯病在黄淮麦区偏重发生，蚜虫在黄淮海大部麦区偏重发生。为有效,https://www.agri.cn/zx/zxfb/202502/t20250228_8715477.htm
63620c476124acff,中国农业农村信息网_2025年粮食作物重大病虫害防控技术方案,Measure,施肥,2025年小麦春季重大病虫害防控技术方案 据全国农技中心预测， 2025 年全国小麦重大病虫害总体偏重发生，发生面积 9.5 亿亩次，其中病害发生 5.8 亿亩次，虫害发生 3.7 亿亩次。赤霉病在长江中下游、江淮和黄淮南部麦区偏重至大流行风险高，条锈病在汉水流域和西北麦区局部偏重发生，茎基腐病和纹枯病在黄淮麦区偏重发生，蚜虫在黄淮海大部麦区偏重发生。为有效,https://www.agri.cn/zx/zxfb/202502/t20250228_8715477.htm
63620c476124acff,中国农业农村信息网_2025年粮食作物重大病虫害防控技术方案,Measure,灌溉,2025年小麦春季重大病虫害防控技术方案 据全国农技中心预测， 2025 年全国小麦重大病虫害总体偏重发生，发生面积 9.5 亿亩次，其中病害发生 5.8 亿亩次，虫害发生 3.7 亿亩次。赤霉病在长江中下游、江淮和黄淮南部麦区偏重至大流行风险高，条锈病在汉水流域和西北麦区局部偏重发生，茎基腐病和纹枯病在黄淮麦区偏重发生，蚜虫在黄淮海大部麦区偏重发生。为有效,https://www.agri.cn/zx/zxfb/202502/t20250228_8715477.htm
63620c476124acff,中国农业农村信息网_2025年粮食作物重大病虫害防控技术方案,Measure,轮作,2025年小麦春季重大病虫害防控技术方案 据全国农技中心预测， 2025 年全国小麦重大病虫害总体偏重发生，发生面积 9.5 亿亩次，其中病害发生 5.8 亿亩次，虫害发生 3.7 亿亩次。赤霉病在长江中下游、江淮和黄淮南部麦区偏重至大流行风险高，条锈病在汉水流域和西北麦区局部偏重发生，茎基腐病和纹枯病在黄淮麦区偏重发生，蚜虫在黄淮海大部麦区偏重发生。为有效,https://www.agri.cn/zx/zxfb/202502/t20250228_8715477.htm
63620c476124acff,中国农业农村信息网_2025年粮食作物重大病虫害防控技术方案,Measure,诱杀,2025年小麦春季重大病虫害防控技术方案 据全国农技中心预测， 2025 年全国小麦重大病虫害总体偏重发生，发生面积 9.5 亿亩次，其中病害发生 5.8 亿亩次，虫害发生 3.7 亿亩次。赤霉病在长江中下游、江淮和黄淮南部麦区偏重至大流行风险高，条锈病在汉水流域和西北麦区局部偏重发生，茎基腐病和纹枯病在黄淮麦区偏重发生，蚜虫在黄淮海大部麦区偏重发生。为有效,https://www.agri.cn/zx/zxfb/202502/t20250228_8715477.htm
63620c476124acff,中国农业农村信息网_2025年粮食作物重大病虫害防控技术方案,Measure,统防统治,2025年小麦春季重大病虫害防控技术方案 据全国农技中心预测， 2025 年全国小麦重大病虫害总体偏重发生，发生面积 9.5 亿亩次，其中病害发生 5.8 亿亩次，虫害发生 3.7 亿亩次。赤霉病在长江中下游、江淮和黄淮南部麦区偏重至大流行风险高，条锈病在汉水流域和西北麦区局部偏重发生，茎基腐病和纹枯病在黄淮麦区偏重发生，蚜虫在黄淮海大部麦区偏重发生。为有效,https://www.agri.cn/zx/zxfb/202502/t20250228_8715477.htm
63620c476124acff,中国农业农村信息网_2025年粮食作物重大病虫害防控技术方案,Measure,绿色防控,2025年小麦春季重大病虫害防控技术方案 据全国农技中心预测， 2025 年全国小麦重大病虫害总体偏重发生，发生面积 9.5 亿亩次，其中病害发生 5.8 亿亩次，虫害发生 3.7 亿亩次。赤霉病在长江中下游、江淮和黄淮南部麦区偏重至大流行风险高，条锈病在汉水流域和西北麦区局部偏重发生，茎基腐病和纹枯病在黄淮麦区偏重发生，蚜虫在黄淮海大部麦区偏重发生。为有效,https://www.agri.cn/zx/zxfb/202502/t20250228_8715477.htm
fd1351b86f68f8ed,中国农业农村信息网_2025年全国早稻病虫害发生趋势预报,Crop,水稻,根据当前病虫发生基数、水稻品种抗性、栽培情况和气象条件等综合分析，预计今年早稻病虫害总体中等发生，全国发生面积2.47亿亩次。其中，水稻二化螟在江南、长江中下游稻区大发生；“两迁”害虫、纹枯病、稻瘟病全国总体中等发生，局部地区偏重发生；其他病虫害偏轻发生。 一、发生趋势 二化螟 在江南、长江中下游稻区大发生，华南东部稻区偏重发生，西南南部、华南中西部稻区偏轻,https://www.agri.cn/sc/zxjc/zwbch/202506/t20250605_8738822.htm
fd1351b86f68f8ed,中国农业农村信息网_2025年全国早稻病虫害发生趋势预报,Crop,三化螟,根据当前病虫发生基数、水稻品种抗性、栽培情况和气象条件等综合分析，预计今年早稻病虫害总体中等发生，全国发生面积2.47亿亩次。其中，水稻二化螟在江南、长江中下游稻区大发生；“两迁”害虫、纹枯病、稻瘟病全国总体中等发生，局部地区偏重发生；其他病虫害偏轻发生。 一、发生趋势 二化螟 在江南、长江中下游稻区大发生，华南东部稻区偏重发生，西南南部、华南中西部稻区偏轻,https://www.agri.cn/sc/zxjc/zwbch/202506/t20250605_8738822.htm
fd1351b86f68f8ed,中国农业农村信息网_2025年全国早稻病虫害发生趋势预报,Crop,中国,根据当前病虫发生基数、水稻品种抗性、栽培情况和气象条件等综合分析，预计今年早稻病虫害总体中等发生，全国发生面积2.47亿亩次。其中，水稻二化螟在江南、长江中下游稻区大发生；“两迁”害虫、纹枯病、稻瘟病全国总体中等发生，局部地区偏重发生；其他病虫害偏轻发生。 一、发生趋势 二化螟 在江南、长江中下游稻区大发生，华南东部稻区偏重发生，西南南部、华南中西部稻区偏轻,https://www.agri.cn/sc/zxjc/zwbch/202506/t20250605_8738822.htm
fd1351b86f68f8ed,中国农业农村信息网_2025年全国早稻病虫害发生趋势预报,Crop,中心,根据当前病虫发生基数、水稻品种抗性、栽培情况和气象条件等综合分析，预计今年早稻病虫害总体中等发生，全国发生面积2.47亿亩次。其中，水稻二化螟在江南、长江中下游稻区大发生；“两迁”害虫、纹枯病、稻瘟病全国总体中等发生，局部地区偏重发生；其他病虫害偏轻发生。 一、发生趋势 二化螟 在江南、长江中下游稻区大发生，华南东部稻区偏重发生，西南南部、华南中西部稻区偏轻,https://www.agri.cn/sc/zxjc/zwbch/202506/t20250605_8738822.htm
fd1351b86f68f8ed,中国农业农村信息网_2025年全国早稻病虫害发生趋势预报,Crop,二化螟,根据当前病虫发生基数、水稻品种抗性、栽培情况和气象条件等综合分析，预计今年早稻病虫害总体中等发生，全国发生面积2.47亿亩次。其中，水稻二化螟在江南、长江中下游稻区大发生；“两迁”害虫、纹枯病、稻瘟病全国总体中等发生，局部地区偏重发生；其他病虫害偏轻发生。 一、发生趋势 二化螟 在江南、长江中下游稻区大发生，华南东部稻区偏重发生，西南南部、华南中西部稻区偏轻,https://www.agri.cn/sc/zxjc/zwbch/202506/t20250605_8738822.htm
fd1351b86f68f8ed,中国农业农村信息网_2025年全国早稻病虫害发生趋势预报,Crop,云南,根据当前病虫发生基数、水稻品种抗性、栽培情况和气象条件等综合分析，预计今年早稻病虫害总体中等发生，全国发生面积2.47亿亩次。其中，水稻二化螟在江南、长江中下游稻区大发生；“两迁”害虫、纹枯病、稻瘟病全国总体中等发生，局部地区偏重发生；其他病虫害偏轻发生。 一、发生趋势 二化螟 在江南、长江中下游稻区大发生，华南东部稻区偏重发生，西南南部、华南中西部稻区偏轻,https://www.agri.cn/sc/zxjc/zwbch/202506/t20250605_8738822.htm
fd1351b86f68f8ed,中国农业农村信息网_2025年全国早稻病虫害发生趋势预报,Crop,信息,根据当前病虫发生基数、水稻品种抗性、栽培情况和气象条件等综合分析，预计今年早稻病虫害总体中等发生，全国发生面积2.47亿亩次。其中，水稻二化螟在江南、长江中下游稻区大发生；“两迁”害虫、纹枯病、稻瘟病全国总体中等发生，局部地区偏重发生；其他病虫害偏轻发生。 一、发生趋势 二化螟 在江南、长江中下游稻区大发生，华南东部稻区偏重发生，西南南部、华南中西部稻区偏轻,https://www.agri.cn/sc/zxjc/zwbch/202506/t20250605_8738822.htm
fd1351b86f68f8ed,中国农业农村信息网_2025年全国早稻病虫害发生趋势预报,Disease,年全国早稻病,根据当前病虫发生基数、水稻品种抗性、栽培情况和气象条件等综合分析，预计今年早稻病虫害总体中等发生，全国发生面积2.47亿亩次。其中，水稻二化螟在江南、长江中下游稻区大发生；“两迁”害虫、纹枯病、稻瘟病全国总体中等发生，局部地区偏重发生；其他病虫害偏轻发生。 一、发生趋势 二化螟 在江南、长江中下游稻区大发生，华南东部稻区偏重发生，西南南部、华南中西部稻区偏轻,https://www.agri.cn/sc/zxjc/zwbch/202506/t20250605_8738822.htm
fd1351b86f68f8ed,中国农业农村信息网_2025年全国早稻病虫害发生趋势预报,Disease,根据当前病,根据当前病虫发生基数、水稻品种抗性、栽培情况和气象条件等综合分析，预计今年早稻病虫害总体中等发生，全国发生面积2.47亿亩次。其中，水稻二化螟在江南、长江中下游稻区大发生；“两迁”害虫、纹枯病、稻瘟病全国总体中等发生，局部地区偏重发生；其他病虫害偏轻发生。 一、发生趋势 二化螟 在江南、长江中下游稻区大发生，华南东部稻区偏重发生，西南南部、华南中西部稻区偏轻,https://www.agri.cn/sc/zxjc/zwbch/202506/t20250605_8738822.htm
fd1351b86f68f8ed,中国农业农村信息网_2025年全国早稻病虫害发生趋势预报,Disease,预计今年早稻病,根据当前病虫发生基数、水稻品种抗性、栽培情况和气象条件等综合分析，预计今年早稻病虫害总体中等发生，全国发生面积2.47亿亩次。其中，水稻二化螟在江南、长江中下游稻区大发生；“两迁”害虫、纹枯病、稻瘟病全国总体中等发生，局部地区偏重发生；其他病虫害偏轻发生。 一、发生趋势 二化螟 在江南、长江中下游稻区大发生，华南东部稻区偏重发生，西南南部、华南中西部稻区偏轻,https://www.agri.cn/sc/zxjc/zwbch/202506/t20250605_8738822.htm
fd1351b86f68f8ed,中国农业农村信息网_2025年全国早稻病虫害发生趋势预报,Disease,纹枯病,根据当前病虫发生基数、水稻品种抗性、栽培情况和气象条件等综合分析，预计今年早稻病虫害总体中等发生，全国发生面积2.47亿亩次。其中，水稻二化螟在江南、长江中下游稻区大发生；“两迁”害虫、纹枯病、稻瘟病全国总体中等发生，局部地区偏重发生；其他病虫害偏轻发生。 一、发生趋势 二化螟 在江南、长江中下游稻区大发生，华南东部稻区偏重发生，西南南部、华南中西部稻区偏轻,https://www.agri.cn/sc/zxjc/zwbch/202506/t20250605_8738822.htm
fd1351b86f68f8ed,中国农业农村信息网_2025年全国早稻病虫害发生趋势预报,Disease,稻瘟病,根据当前病虫发生基数、水稻品种抗性、栽培情况和气象条件等综合分析，预计今年早稻病虫害总体中等发生，全国发生面积2.47亿亩次。其中，水稻二化螟在江南、长江中下游稻区大发生；“两迁”害虫、纹枯病、稻瘟病全国总体中等发生，局部地区偏重发生；其他病虫害偏轻发生。 一、发生趋势 二化螟 在江南、长江中下游稻区大发生，华南东部稻区偏重发生，西南南部、华南中西部稻区偏轻,https://www.agri.cn/sc/zxjc/zwbch/202506/t20250605_8738822.htm
fd1351b86f68f8ed,中国农业农村信息网_2025年全国早稻病虫害发生趋势预报,Disease,其他病,根据当前病虫发生基数、水稻品种抗性、栽培情况和气象条件等综合分析，预计今年早稻病虫害总体中等发生，全国发生面积2.47亿亩次。其中，水稻二化螟在江南、长江中下游稻区大发生；“两迁”害虫、纹枯病、稻瘟病全国总体中等发生，局部地区偏重发生；其他病虫害偏轻发生。 一、发生趋势 二化螟 在江南、长江中下游稻区大发生，华南东部稻区偏重发生，西南南部、华南中西部稻区偏轻,https://www.agri.cn/sc/zxjc/zwbch/202506/t20250605_8738822.htm
fd1351b86f68f8ed,中国农业农村信息网_2025年全国早稻病虫害发生趋势预报,Disease,老病区和部分感病,根据当前病虫发生基数、水稻品种抗性、栽培情况和气象条件等综合分析，预计今年早稻病虫害总体中等发生，全国发生面积2.47亿亩次。其中，水稻二化螟在江南、长江中下游稻区大发生；“两迁”害虫、纹枯病、稻瘟病全国总体中等发生，局部地区偏重发生；其他病虫害偏轻发生。 一、发生趋势 二化螟 在江南、长江中下游稻区大发生，华南东部稻区偏重发生，西南南部、华南中西部稻区偏轻,https://www.agri.cn/sc/zxjc/zwbch/202506/t20250605_8738822.htm
fd1351b86f68f8ed,中国农业农村信息网_2025年全国早稻病虫害发生趋势预报,Disease,稻曲病,根据当前病虫发生基数、水稻品种抗性、栽培情况和气象条件等综合分析，预计今年早稻病虫害总体中等发生，全国发生面积2.47亿亩次。其中，水稻二化螟在江南、长江中下游稻区大发生；“两迁”害虫、纹枯病、稻瘟病全国总体中等发生，局部地区偏重发生；其他病虫害偏轻发生。 一、发生趋势 二化螟 在江南、长江中下游稻区大发生，华南东部稻区偏重发生，西南南部、华南中西部稻区偏轻,https://www.agri.cn/sc/zxjc/zwbch/202506/t20250605_8738822.htm
fd1351b86f68f8ed,中国农业农村信息网_2025年全国早稻病虫害发生趋势预报,Disease,南方水稻黑条矮缩病,根据当前病虫发生基数、水稻品种抗性、栽培情况和气象条件等综合分析，预计今年早稻病虫害总体中等发生，全国发生面积2.47亿亩次。其中，水稻二化螟在江南、长江中下游稻区大发生；“两迁”害虫、纹枯病、稻瘟病全国总体中等发生，局部地区偏重发生；其他病虫害偏轻发生。 一、发生趋势 二化螟 在江南、长江中下游稻区大发生，华南东部稻区偏重发生，西南南部、华南中西部稻区偏轻,https://www.agri.cn/sc/zxjc/zwbch/202506/t20250605_8738822.htm
fd1351b86f68f8ed,中国农业农村信息网_2025年全国早稻病虫害发生趋势预报,Disease,灰飞虱等其他病,根据当前病虫发生基数、水稻品种抗性、栽培情况和气象条件等综合分析，预计今年早稻病虫害总体中等发生，全国发生面积2.47亿亩次。其中，水稻二化螟在江南、长江中下游稻区大发生；“两迁”害虫、纹枯病、稻瘟病全国总体中等发生，局部地区偏重发生；其他病虫害偏轻发生。 一、发生趋势 二化螟 在江南、长江中下游稻区大发生，华南东部稻区偏重发生，西南南部、华南中西部稻区偏轻,https://www.agri.cn/sc/zxjc/zwbch/202506/t20250605_8738822.htm
fd1351b86f68f8ed,中国农业农村信息网_2025年全国早稻病虫害发生趋势预报,Disease,多数病,根据当前病虫发生基数、水稻品种抗性、栽培情况和气象条件等综合分析，预计今年早稻病虫害总体中等发生，全国发生面积2.47亿亩次。其中，水稻二化螟在江南、长江中下游稻区大发生；“两迁”害虫、纹枯病、稻瘟病全国总体中等发生，局部地区偏重发生；其他病虫害偏轻发生。 一、发生趋势 二化螟 在江南、长江中下游稻区大发生，华南东部稻区偏重发生，西南南部、华南中西部稻区偏轻,https://www.agri.cn/sc/zxjc/zwbch/202506/t20250605_8738822.htm
fd1351b86f68f8ed,中国农业农村信息网_2025年全国早稻病虫害发生趋势预报,Disease,枯病,根据当前病虫发生基数、水稻品种抗性、栽培情况和气象条件等综合分析，预计今年早稻病虫害总体中等发生，全国发生面积2.47亿亩次。其中，水稻二化螟在江南、长江中下游稻区大发生；“两迁”害虫、纹枯病、稻瘟病全国总体中等发生，局部地区偏重发生；其他病虫害偏轻发生。 一、发生趋势 二化螟 在江南、长江中下游稻区大发生，华南东部稻区偏重发生，西南南部、华南中西部稻区偏轻,https://www.agri.cn/sc/zxjc/zwbch/202506/t20250605_8738822.htm
fd1351b86f68f8ed,中国农业农村信息网_2025年全国早稻病虫害发生趋势预报,Pest,年全国早稻病虫,根据当前病虫发生基数、水稻品种抗性、栽培情况和气象条件等综合分析，预计今年早稻病虫害总体中等发生，全国发生面积2.47亿亩次。其中，水稻二化螟在江南、长江中下游稻区大发生；“两迁”害虫、纹枯病、稻瘟病全国总体中等发生，局部地区偏重发生；其他病虫害偏轻发生。 一、发生趋势 二化螟 在江南、长江中下游稻区大发生，华南东部稻区偏重发生，西南南部、华南中西部稻区偏轻,https://www.agri.cn/sc/zxjc/zwbch/202506/t20250605_8738822.htm
fd1351b86f68f8ed,中国农业农村信息网_2025年全国早稻病虫害发生趋势预报,Pest,根据当前病虫,根据当前病虫发生基数、水稻品种抗性、栽培情况和气象条件等综合分析，预计今年早稻病虫害总体中等发生，全国发生面积2.47亿亩次。其中，水稻二化螟在江南、长江中下游稻区大发生；“两迁”害虫、纹枯病、稻瘟病全国总体中等发生，局部地区偏重发生；其他病虫害偏轻发生。 一、发生趋势 二化螟 在江南、长江中下游稻区大发生，华南东部稻区偏重发生，西南南部、华南中西部稻区偏轻,https://www.agri.cn/sc/zxjc/zwbch/202506/t20250605_8738822.htm
fd1351b86f68f8ed,中国农业农村信息网_2025年全国早稻病虫害发生趋势预报,Pest,预计今年早稻病虫,根据当前病虫发生基数、水稻品种抗性、栽培情况和气象条件等综合分析，预计今年早稻病虫害总体中等发生，全国发生面积2.47亿亩次。其中，水稻二化螟在江南、长江中下游稻区大发生；“两迁”害虫、纹枯病、稻瘟病全国总体中等发生，局部地区偏重发生；其他病虫害偏轻发生。 一、发生趋势 二化螟 在江南、长江中下游稻区大发生，华南东部稻区偏重发生，西南南部、华南中西部稻区偏轻,https://www.agri.cn/sc/zxjc/zwbch/202506/t20250605_8738822.htm
fd1351b86f68f8ed,中国农业农村信息网_2025年全国早稻病虫害发生趋势预报,Pest,水稻二化螟,根据当前病虫发生基数、水稻品种抗性、栽培情况和气象条件等综合分析，预计今年早稻病虫害总体中等发生，全国发生面积2.47亿亩次。其中，水稻二化螟在江南、长江中下游稻区大发生；“两迁”害虫、纹枯病、稻瘟病全国总体中等发生，局部地区偏重发生；其他病虫害偏轻发生。 一、发生趋势 二化螟 在江南、长江中下游稻区大发生，华南东部稻区偏重发生，西南南部、华南中西部稻区偏轻,https://www.agri.cn/sc/zxjc/zwbch/202506/t20250605_8738822.htm
fd1351b86f68f8ed,中国农业农村信息网_2025年全国早稻病虫害发生趋势预报,Pest,害虫,根据当前病虫发生基数、水稻品种抗性、栽培情况和气象条件等综合分析，预计今年早稻病虫害总体中等发生，全国发生面积2.47亿亩次。其中，水稻二化螟在江南、长江中下游稻区大发生；“两迁”害虫、纹枯病、稻瘟病全国总体中等发生，局部地区偏重发生；其他病虫害偏轻发生。 一、发生趋势 二化螟 在江南、长江中下游稻区大发生，华南东部稻区偏重发生，西南南部、华南中西部稻区偏轻,https://www.agri.cn/sc/zxjc/zwbch/202506/t20250605_8738822.htm
fd1351b86f68f8ed,中国农业农村信息网_2025年全国早稻病虫害发生趋势预报,Pest,其他病虫,根据当前病虫发生基数、水稻品种抗性、栽培情况和气象条件等综合分析，预计今年早稻病虫害总体中等发生，全国发生面积2.47亿亩次。其中，水稻二化螟在江南、长江中下游稻区大发生；“两迁”害虫、纹枯病、稻瘟病全国总体中等发生，局部地区偏重发生；其他病虫害偏轻发生。 一、发生趋势 二化螟 在江南、长江中下游稻区大发生，华南东部稻区偏重发生，西南南部、华南中西部稻区偏轻,https://www.agri.cn/sc/zxjc/zwbch/202506/t20250605_8738822.htm
fd1351b86f68f8ed,中国农业农村信息网_2025年全国早稻病虫害发生趋势预报,Pest,二化螟,根据当前病虫发生基数、水稻品种抗性、栽培情况和气象条件等综合分析，预计今年早稻病虫害总体中等发生，全国发生面积2.47亿亩次。其中，水稻二化螟在江南、长江中下游稻区大发生；“两迁”害虫、纹枯病、稻瘟病全国总体中等发生，局部地区偏重发生；其他病虫害偏轻发生。 一、发生趋势 二化螟 在江南、长江中下游稻区大发生，华南东部稻区偏重发生，西南南部、华南中西部稻区偏轻,https://www.agri.cn/sc/zxjc/zwbch/202506/t20250605_8738822.htm
fd1351b86f68f8ed,中国农业农村信息网_2025年全国早稻病虫害发生趋势预报,Pest,稻飞虱,根据当前病虫发生基数、水稻品种抗性、栽培情况和气象条件等综合分析，预计今年早稻病虫害总体中等发生，全国发生面积2.47亿亩次。其中，水稻二化螟在江南、长江中下游稻区大发生；“两迁”害虫、纹枯病、稻瘟病全国总体中等发生，局部地区偏重发生；其他病虫害偏轻发生。 一、发生趋势 二化螟 在江南、长江中下游稻区大发生，华南东部稻区偏重发生，西南南部、华南中西部稻区偏轻,https://www.agri.cn/sc/zxjc/zwbch/202506/t20250605_8738822.htm
fd1351b86f68f8ed,中国农业农村信息网_2025年全国早稻病虫害发生趋势预报,Pest,稻纵卷叶螟,根据当前病虫发生基数、水稻品种抗性、栽培情况和气象条件等综合分析，预计今年早稻病虫害总体中等发生，全国发生面积2.47亿亩次。其中，水稻二化螟在江南、长江中下游稻区大发生；“两迁”害虫、纹枯病、稻瘟病全国总体中等发生，局部地区偏重发生；其他病虫害偏轻发生。 一、发生趋势 二化螟 在江南、长江中下游稻区大发生，华南东部稻区偏重发生，西南南部、华南中西部稻区偏轻,https://www.agri.cn/sc/zxjc/zwbch/202506/t20250605_8738822.htm
fd1351b86f68f8ed,中国农业农村信息网_2025年全国早稻病虫害发生趋势预报,Pest,三化螟,根据当前病虫发生基数、水稻品种抗性、栽培情况和气象条件等综合分析，预计今年早稻病虫害总体中等发生，全国发生面积2.47亿亩次。其中，水稻二化螟在江南、长江中下游稻区大发生；“两迁”害虫、纹枯病、稻瘟病全国总体中等发生，局部地区偏重发生；其他病虫害偏轻发生。 一、发生趋势 二化螟 在江南、长江中下游稻区大发生，华南东部稻区偏重发生，西南南部、华南中西部稻区偏轻,https://www.agri.cn/sc/zxjc/zwbch/202506/t20250605_8738822.htm
fd1351b86f68f8ed,中国农业农村信息网_2025年全国早稻病虫害发生趋势预报,Pest,灰飞虱等其他病虫,根据当前病虫发生基数、水稻品种抗性、栽培情况和气象条件等综合分析，预计今年早稻病虫害总体中等发生，全国发生面积2.47亿亩次。其中，水稻二化螟在江南、长江中下游稻区大发生；“两迁”害虫、纹枯病、稻瘟病全国总体中等发生，局部地区偏重发生；其他病虫害偏轻发生。 一、发生趋势 二化螟 在江南、长江中下游稻区大发生，华南东部稻区偏重发生，西南南部、华南中西部稻区偏轻,https://www.agri.cn/sc/zxjc/zwbch/202506/t20250605_8738822.htm
fd1351b86f68f8ed,中国农业农村信息网_2025年全国早稻病虫害发生趋势预报,Pest,多数病虫,根据当前病虫发生基数、水稻品种抗性、栽培情况和气象条件等综合分析，预计今年早稻病虫害总体中等发生，全国发生面积2.47亿亩次。其中，水稻二化螟在江南、长江中下游稻区大发生；“两迁”害虫、纹枯病、稻瘟病全国总体中等发生，局部地区偏重发生；其他病虫害偏轻发生。 一、发生趋势 二化螟 在江南、长江中下游稻区大发生，华南东部稻区偏重发生，西南南部、华南中西部稻区偏轻,https://www.agri.cn/sc/zxjc/zwbch/202506/t20250605_8738822.htm
3ea125430b083883,中国农业农村信息网_扶绥县农作物病虫情报（2025年第9期）,Crop,水稻,晚稻播种工作即将开始，各地农户要抓好晚稻播种前种子消毒工作，以减少稻瘟病、恶苗病、稻曲病、白叶枯病、细菌性条斑病等病害的发生，从源头阻断病害传播，可以大幅降低苗期发病率，对预防晚稻病虫害发生起到事半功倍的作用。 一、选用抗（耐）病品种 选用抗（耐）病品种，重病区要淘汰抗性差、易感病品种，并及时轮换种植年限长的品种，这是减轻或控制病害的有效途径之一。 二、进行,https://www.agri.cn/zx/xxlb/gx/202507/t20250701_8745523.htm
3ea125430b083883,中国农业农村信息网_扶绥县农作物病虫情报（2025年第9期）,Crop,三唑磷,晚稻播种工作即将开始，各地农户要抓好晚稻播种前种子消毒工作，以减少稻瘟病、恶苗病、稻曲病、白叶枯病、细菌性条斑病等病害的发生，从源头阻断病害传播，可以大幅降低苗期发病率，对预防晚稻病虫害发生起到事半功倍的作用。 一、选用抗（耐）病品种 选用抗（耐）病品种，重病区要淘汰抗性差、易感病品种，并及时轮换种植年限长的品种，这是减轻或控制病害的有效途径之一。 二、进行,https://www.agri.cn/zx/xxlb/gx/202507/t20250701_8745523.htm
3ea125430b083883,中国农业农村信息网_扶绥县农作物病虫情报（2025年第9期）,Crop,三环唑,晚稻播种工作即将开始，各地农户要抓好晚稻播种前种子消毒工作，以减少稻瘟病、恶苗病、稻曲病、白叶枯病、细菌性条斑病等病害的发生，从源头阻断病害传播，可以大幅降低苗期发病率，对预防晚稻病虫害发生起到事半功倍的作用。 一、选用抗（耐）病品种 选用抗（耐）病品种，重病区要淘汰抗性差、易感病品种，并及时轮换种植年限长的品种，这是减轻或控制病害的有效途径之一。 二、进行,https://www.agri.cn/zx/xxlb/gx/202507/t20250701_8745523.htm
3ea125430b083883,中国农业农村信息网_扶绥县农作物病虫情报（2025年第9期）,Crop,中国,晚稻播种工作即将开始，各地农户要抓好晚稻播种前种子消毒工作，以减少稻瘟病、恶苗病、稻曲病、白叶枯病、细菌性条斑病等病害的发生，从源头阻断病害传播，可以大幅降低苗期发病率，对预防晚稻病虫害发生起到事半功倍的作用。 一、选用抗（耐）病品种 选用抗（耐）病品种，重病区要淘汰抗性差、易感病品种，并及时轮换种植年限长的品种，这是减轻或控制病害的有效途径之一。 二、进行,https://www.agri.cn/zx/xxlb/gx/202507/t20250701_8745523.htm
3ea125430b083883,中国农业农村信息网_扶绥县农作物病虫情报（2025年第9期）,Crop,乳油,晚稻播种工作即将开始，各地农户要抓好晚稻播种前种子消毒工作，以减少稻瘟病、恶苗病、稻曲病、白叶枯病、细菌性条斑病等病害的发生，从源头阻断病害传播，可以大幅降低苗期发病率，对预防晚稻病虫害发生起到事半功倍的作用。 一、选用抗（耐）病品种 选用抗（耐）病品种，重病区要淘汰抗性差、易感病品种，并及时轮换种植年限长的品种，这是减轻或控制病害的有效途径之一。 二、进行,https://www.agri.cn/zx/xxlb/gx/202507/t20250701_8745523.htm
3ea125430b083883,中国农业农村信息网_扶绥县农作物病虫情报（2025年第9期）,Crop,二化螟,晚稻播种工作即将开始，各地农户要抓好晚稻播种前种子消毒工作，以减少稻瘟病、恶苗病、稻曲病、白叶枯病、细菌性条斑病等病害的发生，从源头阻断病害传播，可以大幅降低苗期发病率，对预防晚稻病虫害发生起到事半功倍的作用。 一、选用抗（耐）病品种 选用抗（耐）病品种，重病区要淘汰抗性差、易感病品种，并及时轮换种植年限长的品种，这是减轻或控制病害的有效途径之一。 二、进行,https://www.agri.cn/zx/xxlb/gx/202507/t20250701_8745523.htm
3ea125430b083883,中国农业农村信息网_扶绥县农作物病虫情报（2025年第9期）,Crop,稻瘿蚊,晚稻播种工作即将开始，各地农户要抓好晚稻播种前种子消毒工作，以减少稻瘟病、恶苗病、稻曲病、白叶枯病、细菌性条斑病等病害的发生，从源头阻断病害传播，可以大幅降低苗期发病率，对预防晚稻病虫害发生起到事半功倍的作用。 一、选用抗（耐）病品种 选用抗（耐）病品种，重病区要淘汰抗性差、易感病品种，并及时轮换种植年限长的品种，这是减轻或控制病害的有效途径之一。 二、进行,https://www.agri.cn/zx/xxlb/gx/202507/t20250701_8745523.htm
3ea125430b083883,中国农业农村信息网_扶绥县农作物病虫情报（2025年第9期）,Crop,传播,晚稻播种工作即将开始，各地农户要抓好晚稻播种前种子消毒工作，以减少稻瘟病、恶苗病、稻曲病、白叶枯病、细菌性条斑病等病害的发生，从源头阻断病害传播，可以大幅降低苗期发病率，对预防晚稻病虫害发生起到事半功倍的作用。 一、选用抗（耐）病品种 选用抗（耐）病品种，重病区要淘汰抗性差、易感病品种，并及时轮换种植年限长的品种，这是减轻或控制病害的有效途径之一。 二、进行,https://www.agri.cn/zx/xxlb/gx/202507/t20250701_8745523.htm
3ea125430b083883,中国农业农村信息网_扶绥县农作物病虫情报（2025年第9期）,Crop,作物,晚稻播种工作即将开始，各地农户要抓好晚稻播种前种子消毒工作，以减少稻瘟病、恶苗病、稻曲病、白叶枯病、细菌性条斑病等病害的发生，从源头阻断病害传播，可以大幅降低苗期发病率，对预防晚稻病虫害发生起到事半功倍的作用。 一、选用抗（耐）病品种 选用抗（耐）病品种，重病区要淘汰抗性差、易感病品种，并及时轮换种植年限长的品种，这是减轻或控制病害的有效途径之一。 二、进行,https://www.agri.cn/zx/xxlb/gx/202507/t20250701_8745523.htm
3ea125430b083883,中国农业农村信息网_扶绥县农作物病虫情报（2025年第9期）,Crop,信息,晚稻播种工作即将开始，各地农户要抓好晚稻播种前种子消毒工作，以减少稻瘟病、恶苗病、稻曲病、白叶枯病、细菌性条斑病等病害的发生，从源头阻断病害传播，可以大幅降低苗期发病率，对预防晚稻病虫害发生起到事半功倍的作用。 一、选用抗（耐）病品种 选用抗（耐）病品种，重病区要淘汰抗性差、易感病品种，并及时轮换种植年限长的品种，这是减轻或控制病害的有效途径之一。 二、进行,https://www.agri.cn/zx/xxlb/gx/202507/t20250701_8745523.htm
3ea125430b083883,中国农业农村信息网_扶绥县农作物病虫情报（2025年第9期）,Crop,催芽,晚稻播种工作即将开始，各地农户要抓好晚稻播种前种子消毒工作，以减少稻瘟病、恶苗病、稻曲病、白叶枯病、细菌性条斑病等病害的发生，从源头阻断病害传播，可以大幅降低苗期发病率，对预防晚稻病虫害发生起到事半功倍的作用。 一、选用抗（耐）病品种 选用抗（耐）病品种，重病区要淘汰抗性差、易感病品种，并及时轮换种植年限长的品种，这是减轻或控制病害的有效途径之一。 二、进行,https://www.agri.cn/zx/xxlb/gx/202507/t20250701_8745523.htm
3ea125430b083883,中国农业农村信息网_扶绥县农作物病虫情报（2025年第9期）,Disease,扶绥县农作物病,晚稻播种工作即将开始，各地农户要抓好晚稻播种前种子消毒工作，以减少稻瘟病、恶苗病、稻曲病、白叶枯病、细菌性条斑病等病害的发生，从源头阻断病害传播，可以大幅降低苗期发病率，对预防晚稻病虫害发生起到事半功倍的作用。 一、选用抗（耐）病品种 选用抗（耐）病品种，重病区要淘汰抗性差、易感病品种，并及时轮换种植年限长的品种，这是减轻或控制病害的有效途径之一。 二、进行,https://www.agri.cn/zx/xxlb/gx/202507/t20250701_8745523.htm
3ea125430b083883,中国农业农村信息网_扶绥县农作物病虫情报（2025年第9期）,Disease,以减少稻瘟病,晚稻播种工作即将开始，各地农户要抓好晚稻播种前种子消毒工作，以减少稻瘟病、恶苗病、稻曲病、白叶枯病、细菌性条斑病等病害的发生，从源头阻断病害传播，可以大幅降低苗期发病率，对预防晚稻病虫害发生起到事半功倍的作用。 一、选用抗（耐）病品种 选用抗（耐）病品种，重病区要淘汰抗性差、易感病品种，并及时轮换种植年限长的品种，这是减轻或控制病害的有效途径之一。 二、进行,https://www.agri.cn/zx/xxlb/gx/202507/t20250701_8745523.htm
3ea125430b083883,中国农业农村信息网_扶绥县农作物病虫情报（2025年第9期）,Disease,恶苗病,晚稻播种工作即将开始，各地农户要抓好晚稻播种前种子消毒工作，以减少稻瘟病、恶苗病、稻曲病、白叶枯病、细菌性条斑病等病害的发生，从源头阻断病害传播，可以大幅降低苗期发病率，对预防晚稻病虫害发生起到事半功倍的作用。 一、选用抗（耐）病品种 选用抗（耐）病品种，重病区要淘汰抗性差、易感病品种，并及时轮换种植年限长的品种，这是减轻或控制病害的有效途径之一。 二、进行,https://www.agri.cn/zx/xxlb/gx/202507/t20250701_8745523.htm
3ea125430b083883,中国农业农村信息网_扶绥县农作物病虫情报（2025年第9期）,Disease,稻曲病,晚稻播种工作即将开始，各地农户要抓好晚稻播种前种子消毒工作，以减少稻瘟病、恶苗病、稻曲病、白叶枯病、细菌性条斑病等病害的发生，从源头阻断病害传播，可以大幅降低苗期发病率，对预防晚稻病虫害发生起到事半功倍的作用。 一、选用抗（耐）病品种 选用抗（耐）病品种，重病区要淘汰抗性差、易感病品种，并及时轮换种植年限长的品种，这是减轻或控制病害的有效途径之一。 二、进行,https://www.agri.cn/zx/xxlb/gx/202507/t20250701_8745523.htm
3ea125430b083883,中国农业农村信息网_扶绥县农作物病虫情报（2025年第9期）,Disease,白叶枯病,晚稻播种工作即将开始，各地农户要抓好晚稻播种前种子消毒工作，以减少稻瘟病、恶苗病、稻曲病、白叶枯病、细菌性条斑病等病害的发生，从源头阻断病害传播，可以大幅降低苗期发病率，对预防晚稻病虫害发生起到事半功倍的作用。 一、选用抗（耐）病品种 选用抗（耐）病品种，重病区要淘汰抗性差、易感病品种，并及时轮换种植年限长的品种，这是减轻或控制病害的有效途径之一。 二、进行,https://www.agri.cn/zx/xxlb/gx/202507/t20250701_8745523.htm
3ea125430b083883,中国农业农村信息网_扶绥县农作物病虫情报（2025年第9期）,Disease,细菌性条斑病等病,晚稻播种工作即将开始，各地农户要抓好晚稻播种前种子消毒工作，以减少稻瘟病、恶苗病、稻曲病、白叶枯病、细菌性条斑病等病害的发生，从源头阻断病害传播，可以大幅降低苗期发病率，对预防晚稻病虫害发生起到事半功倍的作用。 一、选用抗（耐）病品种 选用抗（耐）病品种，重病区要淘汰抗性差、易感病品种，并及时轮换种植年限长的品种，这是减轻或控制病害的有效途径之一。 二、进行,https://www.agri.cn/zx/xxlb/gx/202507/t20250701_8745523.htm
3ea125430b083883,中国农业农村信息网_扶绥县农作物病虫情报（2025年第9期）,Disease,从源头阻断病,晚稻播种工作即将开始，各地农户要抓好晚稻播种前种子消毒工作，以减少稻瘟病、恶苗病、稻曲病、白叶枯病、细菌性条斑病等病害的发生，从源头阻断病害传播，可以大幅降低苗期发病率，对预防晚稻病虫害发生起到事半功倍的作用。 一、选用抗（耐）病品种 选用抗（耐）病品种，重病区要淘汰抗性差、易感病品种，并及时轮换种植年限长的品种，这是减轻或控制病害的有效途径之一。 二、进行,https://www.agri.cn/zx/xxlb/gx/202507/t20250701_8745523.htm
3ea125430b083883,中国农业农村信息网_扶绥县农作物病虫情报（2025年第9期）,Disease,可以大幅降低苗期发病,晚稻播种工作即将开始，各地农户要抓好晚稻播种前种子消毒工作，以减少稻瘟病、恶苗病、稻曲病、白叶枯病、细菌性条斑病等病害的发生，从源头阻断病害传播，可以大幅降低苗期发病率，对预防晚稻病虫害发生起到事半功倍的作用。 一、选用抗（耐）病品种 选用抗（耐）病品种，重病区要淘汰抗性差、易感病品种，并及时轮换种植年限长的品种，这是减轻或控制病害的有效途径之一。 二、进行,https://www.agri.cn/zx/xxlb/gx/202507/t20250701_8745523.htm
3ea125430b083883,中国农业农村信息网_扶绥县农作物病虫情报（2025年第9期）,Disease,对预防晚稻病,晚稻播种工作即将开始，各地农户要抓好晚稻播种前种子消毒工作，以减少稻瘟病、恶苗病、稻曲病、白叶枯病、细菌性条斑病等病害的发生，从源头阻断病害传播，可以大幅降低苗期发病率，对预防晚稻病虫害发生起到事半功倍的作用。 一、选用抗（耐）病品种 选用抗（耐）病品种，重病区要淘汰抗性差、易感病品种，并及时轮换种植年限长的品种，这是减轻或控制病害的有效途径之一。 二、进行,https://www.agri.cn/zx/xxlb/gx/202507/t20250701_8745523.htm
3ea125430b083883,中国农业农村信息网_扶绥县农作物病虫情报（2025年第9期）,Disease,重病,晚稻播种工作即将开始，各地农户要抓好晚稻播种前种子消毒工作，以减少稻瘟病、恶苗病、稻曲病、白叶枯病、细菌性条斑病等病害的发生，从源头阻断病害传播，可以大幅降低苗期发病率，对预防晚稻病虫害发生起到事半功倍的作用。 一、选用抗（耐）病品种 选用抗（耐）病品种，重病区要淘汰抗性差、易感病品种，并及时轮换种植年限长的品种，这是减轻或控制病害的有效途径之一。 二、进行,https://www.agri.cn/zx/xxlb/gx/202507/t20250701_8745523.htm
3ea125430b083883,中国农业农村信息网_扶绥县农作物病虫情报（2025年第9期）,Disease,易感病,晚稻播种工作即将开始，各地农户要抓好晚稻播种前种子消毒工作，以减少稻瘟病、恶苗病、稻曲病、白叶枯病、细菌性条斑病等病害的发生，从源头阻断病害传播，可以大幅降低苗期发病率，对预防晚稻病虫害发生起到事半功倍的作用。 一、选用抗（耐）病品种 选用抗（耐）病品种，重病区要淘汰抗性差、易感病品种，并及时轮换种植年限长的品种，这是减轻或控制病害的有效途径之一。 二、进行,https://www.agri.cn/zx/xxlb/gx/202507/t20250701_8745523.htm
3ea125430b083883,中国农业农村信息网_扶绥县农作物病虫情报（2025年第9期）,Disease,这是减轻或控制病,晚稻播种工作即将开始，各地农户要抓好晚稻播种前种子消毒工作，以减少稻瘟病、恶苗病、稻曲病、白叶枯病、细菌性条斑病等病害的发生，从源头阻断病害传播，可以大幅降低苗期发病率，对预防晚稻病虫害发生起到事半功倍的作用。 一、选用抗（耐）病品种 选用抗（耐）病品种，重病区要淘汰抗性差、易感病品种，并及时轮换种植年限长的品种，这是减轻或控制病害的有效途径之一。 二、进行,https://www.agri.cn/zx/xxlb/gx/202507/t20250701_8745523.htm
3ea125430b083883,中国农业农村信息网_扶绥县农作物病虫情报（2025年第9期）,Pest,扶绥县农作物病虫,晚稻播种工作即将开始，各地农户要抓好晚稻播种前种子消毒工作，以减少稻瘟病、恶苗病、稻曲病、白叶枯病、细菌性条斑病等病害的发生，从源头阻断病害传播，可以大幅降低苗期发病率，对预防晚稻病虫害发生起到事半功倍的作用。 一、选用抗（耐）病品种 选用抗（耐）病品种，重病区要淘汰抗性差、易感病品种，并及时轮换种植年限长的品种，这是减轻或控制病害的有效途径之一。 二、进行,https://www.agri.cn/zx/xxlb/gx/202507/t20250701_8745523.htm
3ea125430b083883,中国农业农村信息网_扶绥县农作物病虫情报（2025年第9期）,Pest,对预防晚稻病虫,晚稻播种工作即将开始，各地农户要抓好晚稻播种前种子消毒工作，以减少稻瘟病、恶苗病、稻曲病、白叶枯病、细菌性条斑病等病害的发生，从源头阻断病害传播，可以大幅降低苗期发病率，对预防晚稻病虫害发生起到事半功倍的作用。 一、选用抗（耐）病品种 选用抗（耐）病品种，重病区要淘汰抗性差、易感病品种，并及时轮换种植年限长的品种，这是减轻或控制病害的有效途径之一。 二、进行,https://www.agri.cn/zx/xxlb/gx/202507/t20250701_8745523.htm
3ea125430b083883,中国农业农村信息网_扶绥县农作物病虫情报（2025年第9期）,Pest,吡虫,晚稻播种工作即将开始，各地农户要抓好晚稻播种前种子消毒工作，以减少稻瘟病、恶苗病、稻曲病、白叶枯病、细菌性条斑病等病害的发生，从源头阻断病害传播，可以大幅降低苗期发病率，对预防晚稻病虫害发生起到事半功倍的作用。 一、选用抗（耐）病品种 选用抗（耐）病品种，重病区要淘汰抗性差、易感病品种，并及时轮换种植年限长的品种，这是减轻或控制病害的有效途径之一。 二、进行,https://www.agri.cn/zx/xxlb/gx/202507/t20250701_8745523.htm
3ea125430b083883,中国农业农村信息网_扶绥县农作物病虫情报（2025年第9期）,Pest,这样可在秧田歼灭飞虱,晚稻播种工作即将开始，各地农户要抓好晚稻播种前种子消毒工作，以减少稻瘟病、恶苗病、稻曲病、白叶枯病、细菌性条斑病等病害的发生，从源头阻断病害传播，可以大幅降低苗期发病率，对预防晚稻病虫害发生起到事半功倍的作用。 一、选用抗（耐）病品种 选用抗（耐）病品种，重病区要淘汰抗性差、易感病品种，并及时轮换种植年限长的品种，这是减轻或控制病害的有效途径之一。 二、进行,https://www.agri.cn/zx/xxlb/gx/202507/t20250701_8745523.htm
3ea125430b083883,中国农业农村信息网_扶绥县农作物病虫情报（2025年第9期）,Pest,叶蝉等多种虫,晚稻播种工作即将开始，各地农户要抓好晚稻播种前种子消毒工作，以减少稻瘟病、恶苗病、稻曲病、白叶枯病、细菌性条斑病等病害的发生，从源头阻断病害传播，可以大幅降低苗期发病率，对预防晚稻病虫害发生起到事半功倍的作用。 一、选用抗（耐）病品种 选用抗（耐）病品种，重病区要淘汰抗性差、易感病品种，并及时轮换种植年限长的品种，这是减轻或控制病害的有效途径之一。 二、进行,https://www.agri.cn/zx/xxlb/gx/202507/t20250701_8745523.htm
3ea125430b083883,中国农业农村信息网_扶绥县农作物病虫情报（2025年第9期）,Pest,积极推广防虫,晚稻播种工作即将开始，各地农户要抓好晚稻播种前种子消毒工作，以减少稻瘟病、恶苗病、稻曲病、白叶枯病、细菌性条斑病等病害的发生，从源头阻断病害传播，可以大幅降低苗期发病率，对预防晚稻病虫害发生起到事半功倍的作用。 一、选用抗（耐）病品种 选用抗（耐）病品种，重病区要淘汰抗性差、易感病品种，并及时轮换种植年限长的品种，这是减轻或控制病害的有效途径之一。 二、进行,https://www.agri.cn/zx/xxlb/gx/202507/t20250701_8745523.htm
3ea125430b083883,中国农业农村信息网_扶绥县农作物病虫情报（2025年第9期）,Pest,目以上防虫,晚稻播种工作即将开始，各地农户要抓好晚稻播种前种子消毒工作，以减少稻瘟病、恶苗病、稻曲病、白叶枯病、细菌性条斑病等病害的发生，从源头阻断病害传播，可以大幅降低苗期发病率，对预防晚稻病虫害发生起到事半功倍的作用。 一、选用抗（耐）病品种 选用抗（耐）病品种，重病区要淘汰抗性差、易感病品种，并及时轮换种植年限长的品种，这是减轻或控制病害的有效途径之一。 二、进行,https://www.agri.cn/zx/xxlb/gx/202507/t20250701_8745523.htm
3ea125430b083883,中国农业农村信息网_扶绥县农作物病虫情报（2025年第9期）,Pest,可有效阻断稻飞虱,晚稻播种工作即将开始，各地农户要抓好晚稻播种前种子消毒工作，以减少稻瘟病、恶苗病、稻曲病、白叶枯病、细菌性条斑病等病害的发生，从源头阻断病害传播，可以大幅降低苗期发病率，对预防晚稻病虫害发生起到事半功倍的作用。 一、选用抗（耐）病品种 选用抗（耐）病品种，重病区要淘汰抗性差、易感病品种，并及时轮换种植年限长的品种，这是减轻或控制病害的有效途径之一。 二、进行,https://www.agri.cn/zx/xxlb/gx/202507/t20250701_8745523.htm
3ea125430b083883,中国农业农村信息网_扶绥县农作物病虫情报（2025年第9期）,Pest,两叶一心期施药防治稻飞虱,晚稻播种工作即将开始，各地农户要抓好晚稻播种前种子消毒工作，以减少稻瘟病、恶苗病、稻曲病、白叶枯病、细菌性条斑病等病害的发生，从源头阻断病害传播，可以大幅降低苗期发病率，对预防晚稻病虫害发生起到事半功倍的作用。 一、选用抗（耐）病品种 选用抗（耐）病品种，重病区要淘汰抗性差、易感病品种，并及时轮换种植年限长的品种，这是减轻或控制病害的有效途径之一。 二、进行,https://www.agri.cn/zx/xxlb/gx/202507/t20250701_8745523.htm
3ea125430b083883,中国农业农村信息网_扶绥县农作物病虫情报（2025年第9期）,Pest,切断传毒传病虫,晚稻播种工作即将开始，各地农户要抓好晚稻播种前种子消毒工作，以减少稻瘟病、恶苗病、稻曲病、白叶枯病、细菌性条斑病等病害的发生，从源头阻断病害传播，可以大幅降低苗期发病率，对预防晚稻病虫害发生起到事半功倍的作用。 一、选用抗（耐）病品种 选用抗（耐）病品种，重病区要淘汰抗性差、易感病品种，并及时轮换种植年限长的品种，这是减轻或控制病害的有效途径之一。 二、进行,https://www.agri.cn/zx/xxlb/gx/202507/t20250701_8745523.htm
3ea125430b083883,中国农业农村信息网_扶绥县农作物病虫情报（2025年第9期）,Pest,药剂可选吡蚜,晚稻播种工作即将开始，各地农户要抓好晚稻播种前种子消毒工作，以减少稻瘟病、恶苗病、稻曲病、白叶枯病、细菌性条斑病等病害的发生，从源头阻断病害传播，可以大幅降低苗期发病率，对预防晚稻病虫害发生起到事半功倍的作用。 一、选用抗（耐）病品种 选用抗（耐）病品种，重病区要淘汰抗性差、易感病品种，并及时轮换种植年限长的品种，这是减轻或控制病害的有效途径之一。 二、进行,https://www.agri.cn/zx/xxlb/gx/202507/t20250701_8745523.htm
3ea125430b083883,中国农业农村信息网_扶绥县农作物病虫情报（2025年第9期）,Pest,吡蚜,晚稻播种工作即将开始，各地农户要抓好晚稻播种前种子消毒工作，以减少稻瘟病、恶苗病、稻曲病、白叶枯病、细菌性条斑病等病害的发生，从源头阻断病害传播，可以大幅降低苗期发病率，对预防晚稻病虫害发生起到事半功倍的作用。 一、选用抗（耐）病品种 选用抗（耐）病品种，重病区要淘汰抗性差、易感病品种，并及时轮换种植年限长的品种，这是减轻或控制病害的有效途径之一。 二、进行,https://www.agri.cn/zx/xxlb/gx/202507/t20250701_8745523.htm
3ea125430b083883,中国农业农村信息网_扶绥县农作物病虫情报（2025年第9期）,Measure,防治,晚稻播种工作即将开始，各地农户要抓好晚稻播种前种子消毒工作，以减少稻瘟病、恶苗病、稻曲病、白叶枯病、细菌性条斑病等病害的发生，从源头阻断病害传播，可以大幅降低苗期发病率，对预防晚稻病虫害发生起到事半功倍的作用。 一、选用抗（耐）病品种 选用抗（耐）病品种，重病区要淘汰抗性差、易感病品种，并及时轮换种植年限长的品种，这是减轻或控制病害的有效途径之一。 二、进行,https://www.agri.cn/zx/xxlb/gx/202507/t20250701_8745523.htm
3ea125430b083883,中国农业农村信息网_扶绥县农作物病虫情报（2025年第9期）,Measure,喷施,晚稻播种工作即将开始，各地农户要抓好晚稻播种前种子消毒工作，以减少稻瘟病、恶苗病、稻曲病、白叶枯病、细菌性条斑病等病害的发生，从源头阻断病害传播，可以大幅降低苗期发病率，对预防晚稻病虫害发生起到事半功倍的作用。 一、选用抗（耐）病品种 选用抗（耐）病品种，重病区要淘汰抗性差、易感病品种，并及时轮换种植年限长的品种，这是减轻或控制病害的有效途径之一。 二、进行,https://www.agri.cn/zx/xxlb/gx/202507/t20250701_8745523.htm
5406b833b05f99b2,中国农业农村信息网_水稻扬花期遇持续高温，这些应对措施要知道,Crop,水稻,水稻作为全球重要的粮食作物之一，其产量和质量直接关系到粮食安全与社会稳定。在水稻的生长周期中，扬花期是极为关键的阶段，对环境条件的变化十分敏感。近年来，随着全球气候变化，极端高温天气频繁出现，水稻扬花期面临着更为严峻的高温挑战。持续高温会对水稻的生长发育、生理生化过程以及最终的产量和品质产生显著影响，因此，深入研究水稻扬花期持续高温的应对措施具有重要的现实意,https://www.agri.cn/sc/scdt/202511/t20251125_8789008.htm
5406b833b05f99b2,中国农业农村信息网_水稻扬花期遇持续高温，这些应对措施要知道,Crop,油菜,水稻作为全球重要的粮食作物之一，其产量和质量直接关系到粮食安全与社会稳定。在水稻的生长周期中，扬花期是极为关键的阶段，对环境条件的变化十分敏感。近年来，随着全球气候变化，极端高温天气频繁出现，水稻扬花期面临着更为严峻的高温挑战。持续高温会对水稻的生长发育、生理生化过程以及最终的产量和品质产生显著影响，因此，深入研究水稻扬花期持续高温的应对措施具有重要的现实意,https://www.agri.cn/sc/scdt/202511/t20251125_8789008.htm
5406b833b05f99b2,中国农业农村信息网_水稻扬花期遇持续高温，这些应对措施要知道,Crop,中国,水稻作为全球重要的粮食作物之一，其产量和质量直接关系到粮食安全与社会稳定。在水稻的生长周期中，扬花期是极为关键的阶段，对环境条件的变化十分敏感。近年来，随着全球气候变化，极端高温天气频繁出现，水稻扬花期面临着更为严峻的高温挑战。持续高温会对水稻的生长发育、生理生化过程以及最终的产量和品质产生显著影响，因此，深入研究水稻扬花期持续高温的应对措施具有重要的现实意,https://www.agri.cn/sc/scdt/202511/t20251125_8789008.htm
5406b833b05f99b2,中国农业农村信息网_水稻扬花期遇持续高温，这些应对措施要知道,Crop,二氧化碳,水稻作为全球重要的粮食作物之一，其产量和质量直接关系到粮食安全与社会稳定。在水稻的生长周期中，扬花期是极为关键的阶段，对环境条件的变化十分敏感。近年来，随着全球气候变化，极端高温天气频繁出现，水稻扬花期面临着更为严峻的高温挑战。持续高温会对水稻的生长发育、生理生化过程以及最终的产量和品质产生显著影响，因此，深入研究水稻扬花期持续高温的应对措施具有重要的现实意,https://www.agri.cn/sc/scdt/202511/t20251125_8789008.htm
5406b833b05f99b2,中国农业农村信息网_水稻扬花期遇持续高温，这些应对措施要知道,Crop,产量,水稻作为全球重要的粮食作物之一，其产量和质量直接关系到粮食安全与社会稳定。在水稻的生长周期中，扬花期是极为关键的阶段，对环境条件的变化十分敏感。近年来，随着全球气候变化，极端高温天气频繁出现，水稻扬花期面临着更为严峻的高温挑战。持续高温会对水稻的生长发育、生理生化过程以及最终的产量和品质产生显著影响，因此，深入研究水稻扬花期持续高温的应对措施具有重要的现实意,https://www.agri.cn/sc/scdt/202511/t20251125_8789008.htm
5406b833b05f99b2,中国农业农村信息网_水稻扬花期遇持续高温，这些应对措施要知道,Crop,传播,水稻作为全球重要的粮食作物之一，其产量和质量直接关系到粮食安全与社会稳定。在水稻的生长周期中，扬花期是极为关键的阶段，对环境条件的变化十分敏感。近年来，随着全球气候变化，极端高温天气频繁出现，水稻扬花期面临着更为严峻的高温挑战。持续高温会对水稻的生长发育、生理生化过程以及最终的产量和品质产生显著影响，因此，深入研究水稻扬花期持续高温的应对措施具有重要的现实意,https://www.agri.cn/sc/scdt/202511/t20251125_8789008.htm
5406b833b05f99b2,中国农业农村信息网_水稻扬花期遇持续高温，这些应对措施要知道,Crop,作物,水稻作为全球重要的粮食作物之一，其产量和质量直接关系到粮食安全与社会稳定。在水稻的生长周期中，扬花期是极为关键的阶段，对环境条件的变化十分敏感。近年来，随着全球气候变化，极端高温天气频繁出现，水稻扬花期面临着更为严峻的高温挑战。持续高温会对水稻的生长发育、生理生化过程以及最终的产量和品质产生显著影响，因此，深入研究水稻扬花期持续高温的应对措施具有重要的现实意,https://www.agri.cn/sc/scdt/202511/t20251125_8789008.htm
5406b833b05f99b2,中国农业农村信息网_水稻扬花期遇持续高温，这些应对措施要知道,Crop,侵袭,水稻作为全球重要的粮食作物之一，其产量和质量直接关系到粮食安全与社会稳定。在水稻的生长周期中，扬花期是极为关键的阶段，对环境条件的变化十分敏感。近年来，随着全球气候变化，极端高温天气频繁出现，水稻扬花期面临着更为严峻的高温挑战。持续高温会对水稻的生长发育、生理生化过程以及最终的产量和品质产生显著影响，因此，深入研究水稻扬花期持续高温的应对措施具有重要的现实意,https://www.agri.cn/sc/scdt/202511/t20251125_8789008.htm
5406b833b05f99b2,中国农业农村信息网_水稻扬花期遇持续高温，这些应对措施要知道,Crop,信息,水稻作为全球重要的粮食作物之一，其产量和质量直接关系到粮食安全与社会稳定。在水稻的生长周期中，扬花期是极为关键的阶段，对环境条件的变化十分敏感。近年来，随着全球气候变化，极端高温天气频繁出现，水稻扬花期面临着更为严峻的高温挑战。持续高温会对水稻的生长发育、生理生化过程以及最终的产量和品质产生显著影响，因此，深入研究水稻扬花期持续高温的应对措施具有重要的现实意,https://www.agri.cn/sc/scdt/202511/t20251125_8789008.htm
5406b833b05f99b2,中国农业农村信息网_水稻扬花期遇持续高温，这些应对措施要知道,Crop,健康,水稻作为全球重要的粮食作物之一，其产量和质量直接关系到粮食安全与社会稳定。在水稻的生长周期中，扬花期是极为关键的阶段，对环境条件的变化十分敏感。近年来，随着全球气候变化，极端高温天气频繁出现，水稻扬花期面临着更为严峻的高温挑战。持续高温会对水稻的生长发育、生理生化过程以及最终的产量和品质产生显著影响，因此，深入研究水稻扬花期持续高温的应对措施具有重要的现实意,https://www.agri.cn/sc/scdt/202511/t20251125_8789008.htm
5406b833b05f99b2,中国农业农村信息网_水稻扬花期遇持续高温，这些应对措施要知道,Crop,元素,水稻作为全球重要的粮食作物之一，其产量和质量直接关系到粮食安全与社会稳定。在水稻的生长周期中，扬花期是极为关键的阶段，对环境条件的变化十分敏感。近年来，随着全球气候变化，极端高温天气频繁出现，水稻扬花期面临着更为严峻的高温挑战。持续高温会对水稻的生长发育、生理生化过程以及最终的产量和品质产生显著影响，因此，深入研究水稻扬花期持续高温的应对措施具有重要的现实意,https://www.agri.cn/sc/scdt/202511/t20251125_8789008.htm
5406b833b05f99b2,中国农业农村信息网_水稻扬花期遇持续高温，这些应对措施要知道,Crop,光合作用,水稻作为全球重要的粮食作物之一，其产量和质量直接关系到粮食安全与社会稳定。在水稻的生长周期中，扬花期是极为关键的阶段，对环境条件的变化十分敏感。近年来，随着全球气候变化，极端高温天气频繁出现，水稻扬花期面临着更为严峻的高温挑战。持续高温会对水稻的生长发育、生理生化过程以及最终的产量和品质产生显著影响，因此，深入研究水稻扬花期持续高温的应对措施具有重要的现实意,https://www.agri.cn/sc/scdt/202511/t20251125_8789008.htm
5406b833b05f99b2,中国农业农村信息网_水稻扬花期遇持续高温，这些应对措施要知道,Disease,还会使植株更容易受到病,水稻作为全球重要的粮食作物之一，其产量和质量直接关系到粮食安全与社会稳定。在水稻的生长周期中，扬花期是极为关键的阶段，对环境条件的变化十分敏感。近年来，随着全球气候变化，极端高温天气频繁出现，水稻扬花期面临着更为严峻的高温挑战。持续高温会对水稻的生长发育、生理生化过程以及最终的产量和品质产生显著影响，因此，深入研究水稻扬花期持续高温的应对措施具有重要的现实意,https://www.agri.cn/sc/scdt/202511/t20251125_8789008.htm
5406b833b05f99b2,中国农业农村信息网_水稻扬花期遇持续高温，这些应对措施要知道,Disease,对于田间密度较大或病,水稻作为全球重要的粮食作物之一，其产量和质量直接关系到粮食安全与社会稳定。在水稻的生长周期中，扬花期是极为关键的阶段，对环境条件的变化十分敏感。近年来，随着全球气候变化，极端高温天气频繁出现，水稻扬花期面临着更为严峻的高温挑战。持续高温会对水稻的生长发育、生理生化过程以及最终的产量和品质产生显著影响，因此，深入研究水稻扬花期持续高温的应对措施具有重要的现实意,https://www.agri.cn/sc/scdt/202511/t20251125_8789008.htm
5406b833b05f99b2,中国农业农村信息网_水稻扬花期遇持续高温，这些应对措施要知道,Disease,引发病,水稻作为全球重要的粮食作物之一，其产量和质量直接关系到粮食安全与社会稳定。在水稻的生长周期中，扬花期是极为关键的阶段，对环境条件的变化十分敏感。近年来，随着全球气候变化，极端高温天气频繁出现，水稻扬花期面临着更为严峻的高温挑战。持续高温会对水稻的生长发育、生理生化过程以及最终的产量和品质产生显著影响，因此，深入研究水稻扬花期持续高温的应对措施具有重要的现实意,https://www.agri.cn/sc/scdt/202511/t20251125_8789008.htm
5406b833b05f99b2,中国农业农村信息网_水稻扬花期遇持续高温，这些应对措施要知道,Disease,温天气会导致水稻的抗病,水稻作为全球重要的粮食作物之一，其产量和质量直接关系到粮食安全与社会稳定。在水稻的生长周期中，扬花期是极为关键的阶段，对环境条件的变化十分敏感。近年来，随着全球气候变化，极端高温天气频繁出现，水稻扬花期面临着更为严峻的高温挑战。持续高温会对水稻的生长发育、生理生化过程以及最终的产量和品质产生显著影响，因此，深入研究水稻扬花期持续高温的应对措施具有重要的现实意,https://www.agri.cn/sc/scdt/202511/t20251125_8789008.htm
5406b833b05f99b2,中国农业农村信息网_水稻扬花期遇持续高温，这些应对措施要知道,Disease,同时也有利于病,水稻作为全球重要的粮食作物之一，其产量和质量直接关系到粮食安全与社会稳定。在水稻的生长周期中，扬花期是极为关键的阶段，对环境条件的变化十分敏感。近年来，随着全球气候变化，极端高温天气频繁出现，水稻扬花期面临着更为严峻的高温挑战。持续高温会对水稻的生长发育、生理生化过程以及最终的产量和品质产生显著影响，因此，深入研究水稻扬花期持续高温的应对措施具有重要的现实意,https://www.agri.cn/sc/scdt/202511/t20251125_8789008.htm
5406b833b05f99b2,中国农业农村信息网_水稻扬花期遇持续高温，这些应对措施要知道,Disease,要加强对水稻病,水稻作为全球重要的粮食作物之一，其产量和质量直接关系到粮食安全与社会稳定。在水稻的生长周期中，扬花期是极为关键的阶段，对环境条件的变化十分敏感。近年来，随着全球气候变化，极端高温天气频繁出现，水稻扬花期面临着更为严峻的高温挑战。持续高温会对水稻的生长发育、生理生化过程以及最终的产量和品质产生显著影响，因此，深入研究水稻扬花期持续高温的应对措施具有重要的现实意,https://www.agri.cn/sc/scdt/202511/t20251125_8789008.htm
5406b833b05f99b2,中国农业农村信息网_水稻扬花期遇持续高温，这些应对措施要知道,Disease,及时掌握病,水稻作为全球重要的粮食作物之一，其产量和质量直接关系到粮食安全与社会稳定。在水稻的生长周期中，扬花期是极为关键的阶段，对环境条件的变化十分敏感。近年来，随着全球气候变化，极端高温天气频繁出现，水稻扬花期面临着更为严峻的高温挑战。持续高温会对水稻的生长发育、生理生化过程以及最终的产量和品质产生显著影响，因此，深入研究水稻扬花期持续高温的应对措施具有重要的现实意,https://www.agri.cn/sc/scdt/202511/t20251125_8789008.htm
5406b833b05f99b2,中国农业农村信息网_水稻扬花期遇持续高温，这些应对措施要知道,Disease,根据植保部门的病,水稻作为全球重要的粮食作物之一，其产量和质量直接关系到粮食安全与社会稳定。在水稻的生长周期中，扬花期是极为关键的阶段，对环境条件的变化十分敏感。近年来，随着全球气候变化，极端高温天气频繁出现，水稻扬花期面临着更为严峻的高温挑战。持续高温会对水稻的生长发育、生理生化过程以及最终的产量和品质产生显著影响，因此，深入研究水稻扬花期持续高温的应对措施具有重要的现实意,https://www.agri.cn/sc/scdt/202511/t20251125_8789008.htm
5406b833b05f99b2,中国农业农村信息网_水稻扬花期遇持续高温，这些应对措施要知道,Disease,及时清除病,水稻作为全球重要的粮食作物之一，其产量和质量直接关系到粮食安全与社会稳定。在水稻的生长周期中，扬花期是极为关键的阶段，对环境条件的变化十分敏感。近年来，随着全球气候变化，极端高温天气频繁出现，水稻扬花期面临着更为严峻的高温挑战。持续高温会对水稻的生长发育、生理生化过程以及最终的产量和品质产生显著影响，因此，深入研究水稻扬花期持续高温的应对措施具有重要的现实意,https://www.agri.cn/sc/scdt/202511/t20251125_8789008.htm
5406b833b05f99b2,中国农业农村信息网_水稻扬花期遇持续高温，这些应对措施要知道,Disease,在病,水稻作为全球重要的粮食作物之一，其产量和质量直接关系到粮食安全与社会稳定。在水稻的生长周期中，扬花期是极为关键的阶段，对环境条件的变化十分敏感。近年来，随着全球气候变化，极端高温天气频繁出现，水稻扬花期面临着更为严峻的高温挑战。持续高温会对水稻的生长发育、生理生化过程以及最终的产量和品质产生显著影响，因此，深入研究水稻扬花期持续高温的应对措施具有重要的现实意,https://www.agri.cn/sc/scdt/202511/t20251125_8789008.htm
5406b833b05f99b2,中国农业农村信息网_水稻扬花期遇持续高温，这些应对措施要知道,Disease,稻瘟病,水稻作为全球重要的粮食作物之一，其产量和质量直接关系到粮食安全与社会稳定。在水稻的生长周期中，扬花期是极为关键的阶段，对环境条件的变化十分敏感。近年来，随着全球气候变化，极端高温天气频繁出现，水稻扬花期面临着更为严峻的高温挑战。持续高温会对水稻的生长发育、生理生化过程以及最终的产量和品质产生显著影响，因此，深入研究水稻扬花期持续高温的应对措施具有重要的现实意,https://www.agri.cn/sc/scdt/202511/t20251125_8789008.htm
5406b833b05f99b2,中国农业农村信息网_水稻扬花期遇持续高温，这些应对措施要知道,Disease,稻曲病和纹枯病等病,水稻作为全球重要的粮食作物之一，其产量和质量直接关系到粮食安全与社会稳定。在水稻的生长周期中，扬花期是极为关键的阶段，对环境条件的变化十分敏感。近年来，随着全球气候变化，极端高温天气频繁出现，水稻扬花期面临着更为严峻的高温挑战。持续高温会对水稻的生长发育、生理生化过程以及最终的产量和品质产生显著影响，因此，深入研究水稻扬花期持续高温的应对措施具有重要的现实意,https://www.agri.cn/sc/scdt/202511/t20251125_8789008.htm
5406b833b05f99b2,中国农业农村信息网_水稻扬花期遇持续高温，这些应对措施要知道,Pest,会使植株更容易受到病虫,水稻作为全球重要的粮食作物之一，其产量和质量直接关系到粮食安全与社会稳定。在水稻的生长周期中，扬花期是极为关键的阶段，对环境条件的变化十分敏感。近年来，随着全球气候变化，极端高温天气频繁出现，水稻扬花期面临着更为严峻的高温挑战。持续高温会对水稻的生长发育、生理生化过程以及最终的产量和品质产生显著影响，因此，深入研究水稻扬花期持续高温的应对措施具有重要的现实意,https://www.agri.cn/sc/scdt/202511/t20251125_8789008.htm
5406b833b05f99b2,中国农业农村信息网_水稻扬花期遇持续高温，这些应对措施要知道,Pest,引发病虫,水稻作为全球重要的粮食作物之一，其产量和质量直接关系到粮食安全与社会稳定。在水稻的生长周期中，扬花期是极为关键的阶段，对环境条件的变化十分敏感。近年来，随着全球气候变化，极端高温天气频繁出现，水稻扬花期面临着更为严峻的高温挑战。持续高温会对水稻的生长发育、生理生化过程以及最终的产量和品质产生显著影响，因此，深入研究水稻扬花期持续高温的应对措施具有重要的现实意,https://www.agri.cn/sc/scdt/202511/t20251125_8789008.htm
5406b833b05f99b2,中国农业农村信息网_水稻扬花期遇持续高温，这些应对措施要知道,Pest,病虫,水稻作为全球重要的粮食作物之一，其产量和质量直接关系到粮食安全与社会稳定。在水稻的生长周期中，扬花期是极为关键的阶段，对环境条件的变化十分敏感。近年来，随着全球气候变化，极端高温天气频繁出现，水稻扬花期面临着更为严峻的高温挑战。持续高温会对水稻的生长发育、生理生化过程以及最终的产量和品质产生显著影响，因此，深入研究水稻扬花期持续高温的应对措施具有重要的现实意,https://www.agri.cn/sc/scdt/202511/t20251125_8789008.htm
5406b833b05f99b2,中国农业农村信息网_水稻扬花期遇持续高温，这些应对措施要知道,Pest,天气会导致水稻的抗病虫,水稻作为全球重要的粮食作物之一，其产量和质量直接关系到粮食安全与社会稳定。在水稻的生长周期中，扬花期是极为关键的阶段，对环境条件的变化十分敏感。近年来，随着全球气候变化，极端高温天气频繁出现，水稻扬花期面临着更为严峻的高温挑战。持续高温会对水稻的生长发育、生理生化过程以及最终的产量和品质产生显著影响，因此，深入研究水稻扬花期持续高温的应对措施具有重要的现实意,https://www.agri.cn/sc/scdt/202511/t20251125_8789008.htm
5406b833b05f99b2,中国农业农村信息网_水稻扬花期遇持续高温，这些应对措施要知道,Pest,同时也有利于病虫,水稻作为全球重要的粮食作物之一，其产量和质量直接关系到粮食安全与社会稳定。在水稻的生长周期中，扬花期是极为关键的阶段，对环境条件的变化十分敏感。近年来，随着全球气候变化，极端高温天气频繁出现，水稻扬花期面临着更为严峻的高温挑战。持续高温会对水稻的生长发育、生理生化过程以及最终的产量和品质产生显著影响，因此，深入研究水稻扬花期持续高温的应对措施具有重要的现实意,https://www.agri.cn/sc/scdt/202511/t20251125_8789008.htm
5406b833b05f99b2,中国农业农村信息网_水稻扬花期遇持续高温，这些应对措施要知道,Pest,要加强对水稻病虫,水稻作为全球重要的粮食作物之一，其产量和质量直接关系到粮食安全与社会稳定。在水稻的生长周期中，扬花期是极为关键的阶段，对环境条件的变化十分敏感。近年来，随着全球气候变化，极端高温天气频繁出现，水稻扬花期面临着更为严峻的高温挑战。持续高温会对水稻的生长发育、生理生化过程以及最终的产量和品质产生显著影响，因此，深入研究水稻扬花期持续高温的应对措施具有重要的现实意,https://www.agri.cn/sc/scdt/202511/t20251125_8789008.htm
5406b833b05f99b2,中国农业农村信息网_水稻扬花期遇持续高温，这些应对措施要知道,Pest,及时掌握病虫,水稻作为全球重要的粮食作物之一，其产量和质量直接关系到粮食安全与社会稳定。在水稻的生长周期中，扬花期是极为关键的阶段，对环境条件的变化十分敏感。近年来，随着全球气候变化，极端高温天气频繁出现，水稻扬花期面临着更为严峻的高温挑战。持续高温会对水稻的生长发育、生理生化过程以及最终的产量和品质产生显著影响，因此，深入研究水稻扬花期持续高温的应对措施具有重要的现实意,https://www.agri.cn/sc/scdt/202511/t20251125_8789008.htm
5406b833b05f99b2,中国农业农村信息网_水稻扬花期遇持续高温，这些应对措施要知道,Pest,根据植保部门的病虫,水稻作为全球重要的粮食作物之一，其产量和质量直接关系到粮食安全与社会稳定。在水稻的生长周期中，扬花期是极为关键的阶段，对环境条件的变化十分敏感。近年来，随着全球气候变化，极端高温天气频繁出现，水稻扬花期面临着更为严峻的高温挑战。持续高温会对水稻的生长发育、生理生化过程以及最终的产量和品质产生显著影响，因此，深入研究水稻扬花期持续高温的应对措施具有重要的现实意,https://www.agri.cn/sc/scdt/202511/t20251125_8789008.htm
5406b833b05f99b2,中国农业农村信息网_水稻扬花期遇持续高温，这些应对措施要知道,Pest,利用害虫,水稻作为全球重要的粮食作物之一，其产量和质量直接关系到粮食安全与社会稳定。在水稻的生长周期中，扬花期是极为关键的阶段，对环境条件的变化十分敏感。近年来，随着全球气候变化，极端高温天气频繁出现，水稻扬花期面临着更为严峻的高温挑战。持续高温会对水稻的生长发育、生理生化过程以及最终的产量和品质产生显著影响，因此，深入研究水稻扬花期持续高温的应对措施具有重要的现实意,https://www.agri.cn/sc/scdt/202511/t20251125_8789008.htm
5406b833b05f99b2,中国农业农村信息网_水稻扬花期遇持续高温，这些应对措施要知道,Pest,光性设置黑光灯诱捕害虫,水稻作为全球重要的粮食作物之一，其产量和质量直接关系到粮食安全与社会稳定。在水稻的生长周期中，扬花期是极为关键的阶段，对环境条件的变化十分敏感。近年来，随着全球气候变化，极端高温天气频繁出现，水稻扬花期面临着更为严峻的高温挑战。持续高温会对水稻的生长发育、生理生化过程以及最终的产量和品质产生显著影响，因此，深入研究水稻扬花期持续高温的应对措施具有重要的现实意,https://www.agri.cn/sc/scdt/202511/t20251125_8789008.htm
5406b833b05f99b2,中国农业农村信息网_水稻扬花期遇持续高温，这些应对措施要知道,Pest,释放天敌昆虫,水稻作为全球重要的粮食作物之一，其产量和质量直接关系到粮食安全与社会稳定。在水稻的生长周期中，扬花期是极为关键的阶段，对环境条件的变化十分敏感。近年来，随着全球气候变化，极端高温天气频繁出现，水稻扬花期面临着更为严峻的高温挑战。持续高温会对水稻的生长发育、生理生化过程以及最终的产量和品质产生显著影响，因此，深入研究水稻扬花期持续高温的应对措施具有重要的现实意,https://www.agri.cn/sc/scdt/202511/t20251125_8789008.htm
5406b833b05f99b2,中国农业农村信息网_水稻扬花期遇持续高温，这些应对措施要知道,Pest,在病虫,水稻作为全球重要的粮食作物之一，其产量和质量直接关系到粮食安全与社会稳定。在水稻的生长周期中，扬花期是极为关键的阶段，对环境条件的变化十分敏感。近年来，随着全球气候变化，极端高温天气频繁出现，水稻扬花期面临着更为严峻的高温挑战。持续高温会对水稻的生长发育、生理生化过程以及最终的产量和品质产生显著影响，因此，深入研究水稻扬花期持续高温的应对措施具有重要的现实意,https://www.agri.cn/sc/scdt/202511/t20251125_8789008.htm
5406b833b05f99b2,中国农业农村信息网_水稻扬花期遇持续高温，这些应对措施要知道,Measure,防治,水稻作为全球重要的粮食作物之一，其产量和质量直接关系到粮食安全与社会稳定。在水稻的生长周期中，扬花期是极为关键的阶段，对环境条件的变化十分敏感。近年来，随着全球气候变化，极端高温天气频繁出现，水稻扬花期面临着更为严峻的高温挑战。持续高温会对水稻的生长发育、生理生化过程以及最终的产量和品质产生显著影响，因此，深入研究水稻扬花期持续高温的应对措施具有重要的现实意,https://www.agri.cn/sc/scdt/202511/t20251125_8789008.htm
5406b833b05f99b2,中国农业农村信息网_水稻扬花期遇持续高温，这些应对措施要知道,Measure,喷施,水稻作为全球重要的粮食作物之一，其产量和质量直接关系到粮食安全与社会稳定。在水稻的生长周期中，扬花期是极为关键的阶段，对环境条件的变化十分敏感。近年来，随着全球气候变化，极端高温天气频繁出现，水稻扬花期面临着更为严峻的高温挑战。持续高温会对水稻的生长发育、生理生化过程以及最终的产量和品质产生显著影响，因此，深入研究水稻扬花期持续高温的应对措施具有重要的现实意,https://www.agri.cn/sc/scdt/202511/t20251125_8789008.htm
5406b833b05f99b2,中国农业农村信息网_水稻扬花期遇持续高温，这些应对措施要知道,Measure,施肥,水稻作为全球重要的粮食作物之一，其产量和质量直接关系到粮食安全与社会稳定。在水稻的生长周期中，扬花期是极为关键的阶段，对环境条件的变化十分敏感。近年来，随着全球气候变化，极端高温天气频繁出现，水稻扬花期面临着更为严峻的高温挑战。持续高温会对水稻的生长发育、生理生化过程以及最终的产量和品质产生显著影响，因此，深入研究水稻扬花期持续高温的应对措施具有重要的现实意,https://www.agri.cn/sc/scdt/202511/t20251125_8789008.htm
5406b833b05f99b2,中国农业农村信息网_水稻扬花期遇持续高温，这些应对措施要知道,Measure,灌溉,水稻作为全球重要的粮食作物之一，其产量和质量直接关系到粮食安全与社会稳定。在水稻的生长周期中，扬花期是极为关键的阶段，对环境条件的变化十分敏感。近年来，随着全球气候变化，极端高温天气频繁出现，水稻扬花期面临着更为严峻的高温挑战。持续高温会对水稻的生长发育、生理生化过程以及最终的产量和品质产生显著影响，因此，深入研究水稻扬花期持续高温的应对措施具有重要的现实意,https://www.agri.cn/sc/scdt/202511/t20251125_8789008.htm
5406b833b05f99b2,中国农业农村信息网_水稻扬花期遇持续高温，这些应对措施要知道,Measure,排水,水稻作为全球重要的粮食作物之一，其产量和质量直接关系到粮食安全与社会稳定。在水稻的生长周期中，扬花期是极为关键的阶段，对环境条件的变化十分敏感。近年来，随着全球气候变化，极端高温天气频繁出现，水稻扬花期面临着更为严峻的高温挑战。持续高温会对水稻的生长发育、生理生化过程以及最终的产量和品质产生显著影响，因此，深入研究水稻扬花期持续高温的应对措施具有重要的现实意,https://www.agri.cn/sc/scdt/202511/t20251125_8789008.htm
5406b833b05f99b2,中国农业农村信息网_水稻扬花期遇持续高温，这些应对措施要知道,Measure,绿色防控,水稻作为全球重要的粮食作物之一，其产量和质量直接关系到粮食安全与社会稳定。在水稻的生长周期中，扬花期是极为关键的阶段，对环境条件的变化十分敏感。近年来，随着全球气候变化，极端高温天气频繁出现，水稻扬花期面临着更为严峻的高温挑战。持续高温会对水稻的生长发育、生理生化过程以及最终的产量和品质产生显著影响，因此，深入研究水稻扬花期持续高温的应对措施具有重要的现实意,https://www.agri.cn/sc/scdt/202511/t20251125_8789008.htm
